name,brand,barcode,proteins,carbohydrates,fats,energy,saturated_fats,trans_fats,monounsaturated_fats,polyunsaturated_fats,omega3,omega6,sugars,salt,dietary_fiber,cholesterol,caffeine_milli,vitamin_a,vitamin_b1,vitamin_b2,vitamin_b3,vitamin_b5,vitamin_b6,vitamin_b7_micro,vitamin_b9,vitamin_b12,vitamin_c,vitamin_d,vitamin_e,vitamin_k_micro,manganese,magnesium,potassium,calcium,copper,zinc,sodium,iron,phosphorus,selenium,iodine,package_weight,serving_weight
Arroz integral cozido,,,2.6,25.8,1,124,0.3,,0.4,0.3,0.01001,0.31,,,2.7,,,,8e-05,1e-08,1e-08,,8e-05,,,,,,,,0.00063,0.059,0.075,0.005,2e-05,0.0007,0.001,0.0003,0.106,,,,
Arroz integral cru,,,7.3,77.5,1.9,360,0.3,,0.5,0.4,0.02,0.38,,,4.8,,,,0.00026,1e-08,0.00418,,0.00018,,,,,,,,0.00299,0.11,0.173,0.008,7e-05,0.0014,0.002,0.0009,0.251,,,,
Arroz tipo 1 cozido,,,2.5,28.1,0.2,128,0.2,,1e-05,1e-05,,0.06,,,1.6,,,,1e-08,1e-08,1e-08,,1e-08,,,,,,,,0.0003,0.002,0.015,0.004,2e-05,0.0005,0.001,0.0001,0.018,,,,
Arroz tipo 1 cru,,,7.2,78.8,0.3,358,0.1,1e-05,0.1,0.1,1e-05,0.08,,,1.6,,,,0.00016,1e-08,0.00112,,7e-05,,,,,,,,0.00103,0.03,0.062,0.004,0.00011,0.0012,0.001,0.0007,0.104,,,,
Arroz tipo 2 cozido,,,2.6,28.2,0.4,130,0.1,,0.1,0.1,1e-05,0.09,,,1.1,,,,1e-08,1e-08,1e-08,,1e-08,,,,,,,,0.00037,0.006,0.02,0.003,4e-05,0.0005,0.002,0.0001,0.022,,,,
Arroz tipo 2 cru,,,7.2,78.9,0.3,358,0.1,,0.1,0.1,1e-05,0.09,,,1.7,,,,0.00016,1e-08,0.00092,,5e-05,,,,,,,,0.00083,0.029,0.057,0.005,5e-05,0.0013,0.001,0.0006,0.082,,,,
Aveia flocos crua,,,13.9,66.6,8.5,394,1.5,,3.2,3,0.06,2.95,,,9.1,,,,0.00055,3e-05,0.00447,,1e-08,,,,0.0014,,,,0.00189,0.119,0.336,0.048,0.00044,0.0026,0.005,0.0044,0.153,,,,
Biscoito doce maisena,,,8.1,75.2,12,443,3.9,1.58,3.7,2.2,0.1,2.13,,,2.1,,,,0.00101,0.00042,0.00391,,0.00023,,,,0.0062,,,,0.00078,0.037,0.142,0.054,0.00017,0.001,0.352,0.0018,0.166,,,,
Biscoito doce recheado com chocolate,,,6.4,70.5,19.6,472,6.2,4.21,6.6,1.7,0.06,1.68,,,3,1e-08,,1e-11,0.00032,0.00039,0.00252,,0.00046,,,,0.0035,,,,0.00059,0.048,0.232,0.027,0.00027,0.001,0.239,0.0023,0.139,,,,
Biscoito doce recheado com morango,,,5.7,71,19.6,471,6.1,4.53,6.5,1.7,0.06,1.61,,,1.5,1e-08,,1e-11,0.0009,0.00042,0.0015,,0.00021,,,,1e-08,,,,0.00066,0.027,0.113,0.036,0.00013,0.0007,0.23,0.0015,0.138,,,,
Biscoito doce wafer recheado de chocolate,,,5.6,67.5,24.7,502,6.5,7.05,8.1,1.9,0.09,1.84,,,1.8,1e-08,,1e-11,0.00037,3e-05,0.00112,,0.0003,,,,1e-08,,,,0.00044,0.048,0.24,0.023,0.00026,0.0009,0.137,0.0024,0.124,,,,
Biscoito doce wafer recheado de morango,,,4.5,67.4,26.4,513,6.7,7.8,8.9,1.8,0.08,1.77,,,0.8,0.001,,1e-11,0.00036,1e-08,0.00037,,0.00094,,,,,,,,0.00028,0.019,0.075,0.014,8e-05,0.0005,0.12,0.0011,0.073,,,,
Biscoito salgado cream cracker,,,10.1,68.7,14.4,432,4.4,1.8,4.6,2.9,0.01,2.79,,,2.5,,,,0.00071,0.00013,0.00714,,0.00017,,,,,,,,0.00069,0.04,0.181,0.02,0.00018,0.0011,0.854,0.0022,0.148,,,,
Bolo mistura para,,,6.2,84.7,6.1,419,2.1,1.08,1.9,0.8,0.03,0.78,,,1.7,1e-08,,,0.00018,1e-08,0.00152,,0.0015,,,,1e-08,,,,0.00046,0.028,0.075,0.059,0.00015,0.0006,0.463,0.0012,0.333,,,,
Bolo pronto aipim,,,4.4,47.9,12.7,324,5,1.99,3.9,1.1,0.06,1.04,,,0.7,0.073,,1e-11,0.00013,7e-05,1e-08,,1e-08,,,,1e-08,,,,0.00011,0.01,0.135,0.085,5e-05,0.0004,0.111,0.0005,0.122,,,,
Bolo pronto chocolate,,,6.2,54.7,18.5,410,5.5,2.91,6.2,3,0.04,2.85,,,1.4,0.077,,1e-11,0.00013,9e-05,1e-08,,5e-05,,,,1e-08,,,,0.00038,0.028,0.212,0.075,5e-05,0.0007,0.283,0.0021,0.197,,,,
Bolo pronto coco,,,5.7,52.3,11.3,333,4.9,1.08,3,1.8,0.06,1.71,,,1.1,0.063,,1e-11,0.00015,6e-05,1e-08,,1e-08,,,,1e-08,,,,0.0004,0.016,0.143,0.057,9e-05,0.0007,0.19,0.0008,0.303,,,,
Bolo pronto milho,,,4.8,45.1,12.4,311,4.5,1.99,3.9,1.5,0.08,1.38,,,0.7,0.082,,5.7e-05,0.00011,5e-05,1e-08,,1e-08,,,,1e-08,,,,0.00011,0.01,0.118,0.083,4e-05,0.0004,0.134,0.0007,0.128,,,,
Canjica branca crua,,,7.2,78.1,1,358,0.3,,0.2,0.4,0.01,0.38,,,5.5,,,,1e-08,1e-08,1e-08,,1e-08,,,,1e-08,,,,9e-05,0.012,0.093,0.002,5e-05,0.0004,0.001,0.0003,0.048,,,,
Canjica com leite integral,,,2.4,23.6,1.2,112,0.6,0.02,0.4,0.1,1e-05,0.15,,,1.2,0.001,,1e-11,1e-08,4e-05,1e-08,,1e-08,,,,1e-08,,,,2e-05,0.006,0.07,0.043,3e-05,0.0003,0.028,0.0001,0.041,,,,
Cereais milho flocos com sal,,,7.3,80.8,1.6,370,0.5,,0.6,0.9,0.03,0.89,,,5.3,,,,0.00012,1e-08,1e-08,,6e-05,,,,1e-08,,,,1e-08,0.02,0.069,0.002,1e-08,0.0006,0.272,0.0005,0.091,,,,
Cereais milho flocos sem sal,,,6.9,80.4,1.2,363,0.3,,0.3,0.6,0.02,0.6,,,1.8,,,,5e-05,1e-08,1e-08,,4e-05,,,,1e-08,,,,1e-08,0.017,0.029,0.002,0.00024,0.0003,0.031,0.0017,0.058,,,,
Cereais mingau milho infantil,,,6.4,87.3,1.1,394,0.3,2e-05,0.3,0.5,0.01,0.45,,,3.2,,,2.1e-05,0.00372,0.00047,0.02416,,0.00508,,,,0.1094,,,,0.00011,0.016,0.082,0.219,4e-05,0.0004,0.399,0.003,0.169,,,,
Cereais mistura para vitamina trigo cevada e aveia,,,8.9,81.6,2.1,381,0.5,0.01,0.4,1,0.06,0.93,,,5,,,1e-11,0.00076,0.00088,0.00746,,0.00149,,,,0.0131,,,,0.00228,0.072,0.244,0.584,0.00021,0.002,1.163,0.0126,0.515,,,,
Cereal matinal milho,,,7.2,83.8,1,365,0.4,1e-05,0.3,0.3,2e-05,0.31,,,4.1,,,1.5e-05,0.00076,0.00102,0.01104,,0.00225,,,,0.0173,,,,6e-05,0.011,0.083,0.143,6e-05,0.0076,0.655,0.0031,0.101,,,,
Cereal matinal milho açúcar,,,4.7,88.8,0.7,377,0.2,1e-05,0.3,0.3,2e-05,0.33,,,2.1,,,1.5e-05,0.00073,0.00111,0.01013,,0.00079,,,,0.0146,,,,0.00013,0.008,0.052,0.056,4e-05,0.0085,0.405,0.0039,0.043,,,,
Creme de arroz pó,,,7,83.9,1.2,386,0.4,,0.3,0.4,0.01,0.43,,,1.1,,,,0.00022,1e-08,1e-08,,5e-05,,,,1e-08,,,,0.00124,0.051,0.115,0.007,4e-05,0.0019,0.001,0.0006,0.153,,,,
Creme de milho pó,,,4.8,86.1,1.6,333,0.3,,0.5,0.8,0.02,0.75,,,3.7,,,,0.00074,1e-08,1e-08,,0.00205,,,,0.0963,,,,0.0002,0.03,0.166,0.323,4e-05,0.0008,0.594,0.0043,0.303,,,,
Curau milho verde,,,2.4,13.9,1.6,78,0.8,0.04,0.5,0.2,1e-05,0.17,,,0.5,0.005,,1.6e-05,4e-05,7e-05,1e-08,,1e-08,,,,1e-08,,,,6e-05,0.016,0.162,0.053,3e-05,0.0004,0.021,0.0004,0.075,,,,
Curau milho verde mistura para,,,2.2,79.8,13.4,402,3,3.44,4.9,1.4,0.03,1.38,,,2.5,,,,0.00013,1e-08,1e-08,,1e-08,,,,1e-08,,,,5e-05,0.009,0.055,0.031,3e-05,0.0002,0.223,0.0009,0.045,,,,
Farinha de arroz enriquecida,,,1.3,85.5,0.3,363,0.2,2e-05,0.1,0.2,0.01,0.17,,,0.6,,,,0.00323,1e-08,0.02442,,0.00347,,,,0.1736,,,,4e-05,0.004,0.013,0.001,1e-08,0.0085,0.017,0.0314,0.036,,,,
Farinha de centeio integral,,,12.5,73.3,1.8,336,0.3,1e-05,0.3,0.8,,0.73,,,15.5,,,,0.00029,3e-05,1e-08,,8e-05,,,,1e-08,,,,0.00386,0.12,0.334,0.034,0.00056,0.0027,0.041,0.0047,0.34,,,,
Farinha de milho amarela,,,7.2,79.1,1.5,351,0.4,,0.4,0.6,0.02,0.63,,,5.5,,,9e-06,0.00025,1e-08,1e-08,,0.00025,,,,1e-08,,,,1e-08,0.031,0.058,0.001,0.00027,0.0006,0.045,0.0023,0.084,,,,
Farinha de rosca,,,11.4,75.8,1.5,371,0.6,0.03,0.4,0.8,0.05,0.74,,,4.8,,,,0.00025,1e-08,1e-08,,9e-05,,,,1e-08,,,,0.00162,0.057,0.212,0.035,0.00026,0.0017,0.333,0.0067,0.195,,,,
Farinha de trigo,,,9.8,75.1,1.4,360,0.3,1e-05,0.2,0.4,0.01002,0.43,,,2.3,,,,0.00031,1e-08,0.00089,,1e-08,,,,1e-08,,,,0.00046,0.031,0.151,0.018,0.00015,0.0008,0.001,0.001,0.115,,,,
Farinha láctea de cereais,,,11.9,77.8,5.8,415,3.3,0.15,1.4,0.6,0.03,0.59,,,1.9,0.011,,0.000492,0.00143,0.00113,0.0095,,0.00114,,,,0.0243,,,,0.00149,0.058,0.366,0.196,0.00019,0.0017,0.125,0.0087,0.296,,,,
Lasanha massa fresca cozida,,,5.8,32.5,1.2,164,0.6,,0.4,0.1,,0.1,,,1.6,,,,4e-05,1e-08,0.00396,,1e-08,,,,,,,,0.0002,0.004,0.054,0.01,7e-05,0.0004,0.207,0.0012,0.042,,,,
Lasanha massa fresca crua,,,7,45.1,1.3,220,0.5,,0.4,0.4,0.01,0.38,,,1.6,,,,8e-05,1e-08,1e-08,,1e-08,,,,,,,,0.00034,0.013,0.137,0.017,0.0001,0.0008,0.667,0.0019,0.082,,,,
Macarrão instantâneo,,,8.8,62.4,17.2,436,,,,,,,,,5.6,,,,0.00118,4e-05,0.00937,,0.00053,,,,1e-08,,,,0.00025,0.019,0.148,0.018,0.0001,0.0005,1.516,0.0008,0.112,,,,
Macarrão trigo cru,,,10,77.9,1.3,371,,,,,,,,,2.9,,,,0.00018,2e-05,0.00357,,1e-08,,,,1e-08,,,,0.00053,0.028,0.147,0.017,0.00015,0.0008,0.007,0.0009,0.1,,,,
Macarrão trigo cru com ovos,,,10.3,76.6,2,371,0.5,1e-05,0.4,0.8,0.03,0.73,,,2.3,0.018,,1e-11,0.00011,5e-05,0.00437,,3e-05,,,,1e-08,,,,0.0004,1e-08,0.134,0.019,0.00014,0.0008,0.015,0.0009,0.118,,,,
Milho amido cru,,,0.6,87.1,1e-05,361,,,,,,,,,0.7,,,,1e-08,1e-08,1e-08,,1e-08,,,,1e-08,,,,2e-05,0.003,0.009,0.001,2e-05,0.0001,0.008,0.0001,0.013,,,,
Milho fubá cru,,,7.2,78.9,1.9,353,0.4,,0.9,1.3,0.03001,1.29,,,4.7,,,1.3e-05,0.00025,1e-08,0.00075,,1e-08,,,,1e-08,,,,0.00034,0.041,0.168,0.003,8e-05,0.0011,1e-08,0.0009,0.108,,,,
Milho verde cru,,,6.6,28.6,0.6,138,0.2,,0.2,0.6,0.02,0.53,,,3.9,,,1.6e-05,0.0003,1e-08,1e-08,,4e-05,,,,1e-08,,,,0.00012,0.033,0.185,0.002,5e-05,0.0005,0.001,0.0004,0.113,,,,
Milho verde enlatado drenado,,,3.2,17.1,2.4,98,0.6,,0.8,0.9,0.03,0.88,,,4.6,,,2.4e-05,1e-08,5e-05,0.00374,,1e-08,,,,0.0017,,,,9e-05,0.02,0.162,0.002,5e-05,0.0005,0.26,0.0006,0.061,,,,
Mingau tradicional pó,,,0.6,89.3,0.4,373,0.1,,1e-05,0.1,0.01,0.13,,,0.9,,,0.001533,0.00341,1e-08,0.01939,,0.00311,,,,1e-08,,,,1e-08,0.004,1e-08,0.522,1e-08,0.0152,0.015,0.042,0.273,,,,
Pamonha barra para cozimento pré-cozida,,,2.6,30.7,4.8,171,0.5,0.11,0.7,1.4,0.09,1.32,,,2.4,,,,1e-08,1e-08,1e-08,,1e-08,,,,1e-08,,,,0.00012,0.015,0.125,0.004,3e-05,0.0004,0.132,0.0004,0.055,,,,
Pão aveia forma,,,12.4,59.6,5.7,343,1.1,0.12,1,1.6,0.59,1.06,,,6,1e-08,,1e-11,9e-05,3e-05,1e-08,,8e-05,,,,1e-08,,,,0.00108,0.057,0.21,0.109,0.00014,0.0017,0.606,0.0047,0.182,,,,
Pão de soja,,,11.3,56.5,3.6,309,0.7,0.01,0.6,1.6,0.14,1.41,,,5.7,,,,7e-05,4e-05,1e-08,,0.00079,,,,1e-08,,,,0.00057,0.048,0.296,0.09,0.00016,0.0015,0.663,0.0033,0.153,,,,
Pão glúten forma,,,12,44.1,2.7,253,0.5,0.16,0.6,0.7,0.04,0.69,,,2.5,,,,4e-05,3e-05,1e-08,,1e-08,,,,1e-08,,,,0.00051,0.024,0.065,0.156,6e-05,0.0013,0.022,0.0057,0.105,,,,
Pão milho forma,,,8.3,56.4,3.1,292,0.6,0.07,0.6,1,0.03,0.98,,,4.3,0.006,,1e-11,8e-05,1e-08,1e-08,,8e-05,,,,1e-08,,,,0.00037,0.029,0.089,0.078,0.0001,0.0008,0.507,0.003,0.11,,,,
Pão trigo forma integral,,,9.4,49.9,3.7,253,0.7,0.28,0.8,1.1,0.08,0.98,,,6.9,,,,8e-05,4e-05,1e-08,,0.00015,,,,1e-08,,,,0.00162,0.06,0.163,0.132,0.00015,0.0016,0.506,0.003,0.193,,,,
Pão trigo francês,,,8,58.6,3.1,300,1,0.37,0.9,0.7,0.04,0.7,,,2.3,,,3e-06,0.00039,0.00067,0.00234,,0.0006,,,,,,,,0.00046,0.025,0.142,0.016,0.00013,0.0008,0.648,0.001,0.095,,,,
Pão trigo sovado,,,8.4,61.5,2.8,311,0.8,0.06,0.7,0.7,0.04,0.68,,,2.4,0.017,,1e-11,8e-05,4e-05,1e-08,,0.00015,,,,1e-08,,,,0.00031,0.022,0.091,0.052,1e-08,0.0027,0.431,0.0023,0.101,,,,
Pastel de carne cru,,,10.7,42,8.8,289,3.7,0.59,2.9,1.1,0.04,1.06,,,1,0.018,,1e-11,6e-05,3e-05,0.00158,,1e-08,,,,1e-08,,,,0.00034,0.018,0.166,0.017,0.00011,0.0017,1.309,0.002,0.117,,,,
Pastel de carne frito,,,10.1,43.8,20.1,388,4.8,0.69,5.9,7.6,0.59,6.99,,,1,0.025,,1e-11,6e-05,5e-05,0.00183,,1e-08,,,,,,,,0.00022,0.014,0.156,0.013,0.00012,0.0012,1.04,0.0025,0.09,,,,
Pastel de queijo cru,,,9.9,45.9,9.6,308,,,,,,,,,1.1,0.014,,1e-11,7e-05,3e-05,1e-08,,1e-08,,,,1e-08,,,,0.00024,0.016,0.103,0.155,0.0001,0.001,0.985,0.001,0.168,,,,
Pastel de queijo frito,,,8.7,48.1,22.7,422,,,,,,,,,0.9,0.015,,1.8e-05,9e-05,4e-05,1e-08,,1e-08,,,,1e-08,,,,0.0002,0.015,0.124,0.126,0.0001,0.0008,0.821,0.0013,0.124,,,,
Pastel massa crua,,,6.9,57.4,5.5,310,2.1,0.52,1.7,0.9,0.03,0.91,,,1.4,,,,0.00015,1e-08,1e-08,,1e-08,,,,,,,,0.00038,0.014,0.167,0.013,0.00011,0.0006,1.344,0.0011,0.073,,,,
Pastel massa frita,,,6,49.3,40.9,570,6.9,,10.1,21.2,1.32,19.61,,,1.3,,,,0.00016,1e-08,1e-08,,1e-08,,,,,,,,0.00036,0.013,0.143,0.011,8e-05,0.0005,1.175,0.0014,0.062,,,,
Pipoca com óleo de soja sem sal,,,9.9,70.3,15.9,448,2.4,,3.7,9.2,0.69,8.48,,,14.3,,,,3e-05,3e-05,1e-08,,1e-08,,,,1e-08,,,,0.00065,0.091,0.256,0.003,0.00046,0.002,0.004,0.0012,0.225,,,,
Polenta pré-cozida,,,2.3,23.3,0.3,103,,,,,,,,,2.4,,,,4e-05,1e-08,1e-08,,1e-08,,,,1e-08,,,,1e-08,0.004,0.1,0.001,4e-05,0.0001,0.442,1e-08,0.017,,,,
Torrada pão francês,,,10.5,74.6,3.3,377,0.9,0.45,0.8,1,0.05,0.99,,,3.4,,,,0.00038,1e-08,1e-08,,1e-08,,,,1e-08,,,,0.00055,0.032,0.189,0.019,0.00016,0.0009,0.829,0.0012,0.114,,,,
Abóbora cabotian cozida,,,1.4,10.8,0.7,48,0.1,,0.2,0.2,0.08,0.15,,,2.5,,,,8e-05,1e-08,1e-08,,7e-05,,,,0.0075,,,,0.00026,0.009,0.199,0.008,6e-05,0.0003,0.001,0.0003,0.033,,,,
Abóbora cabotian crua,,,1.7,8.4,0.5,39,0.1,,0.1,0,0.01,0.04,,,2.2,,,0.000223,1e-08,1e-08,1e-08,,0.0001,,,,0.0051,,,,0.00011,0.009,0.351,0.018,6e-05,0.0003,1e-08,0.0004,0.026,,,,
Abóbora menina brasileira crua,,,0.6,3.3,1e-05,14,,,,,,,,,1.2,,,0.000554,7e-05,1e-08,1e-08,,4e-05,,,,0.0015,,,,1e-05,0.004,0.165,0.009,2e-05,1e-08,1e-08,0.0002,0.012,,,,
Abóbora moranga crua,,,1,2.7,0.1,12,,,,,,,,,1.7,,,0.000139,1e-08,1e-08,1e-08,,6e-05,,,,0.0096,,,,1e-05,0.002,0.125,0.003,5e-05,0.0001,1e-08,1e-08,0.008,,,,
Abóbora moranga refogada,,,0.4,6,0.8,29,0.1,,0.2,0.4,0.05,0.4,,,1.5,,,4.8e-05,5e-05,1e-08,1e-08,,5e-05,,,,0.0067,,,,2e-05,0.007,0.183,0.019,4e-05,0.0001,0.003,0.0001,0.012,,,,
Abóbora pescoço crua,,,0.7,6.1,0.1,24,,,,,,,,,2.3,,,,1e-08,1e-08,1e-08,,6e-05,,,,0.0021,,,,7e-05,0.007,0.264,0.009,9e-05,0.0002,0.001,0.0003,0.032,,,,
Abobrinha italiana cozida,,,1.1,3,0.2,15,0.1,,1e-05,0.1,0.03,0.03,,,1.6,,,,5e-05,1e-08,1e-08,,6e-05,,,,0.0021,,,,0.00011,0.017,0.126,0.017,1e-05,0.0003,0.001,0.0002,0.022,,,,
Abobrinha italiana crua,,,1.1,4.3,0.1,19,,,,,,,,,1.4,,,2e-05,1e-08,6e-05,1e-08,,3e-05,,,,0.0069,,,,9e-05,0.02,0.253,0.015,5e-05,0.0002,1e-08,0.0002,0.032,,,,
Abobrinha italiana refogada,,,1.1,4.2,0.8,24,0.1,,0.2,0.5,0.06,0.4,,,1.4,,,2.1e-05,4e-05,1e-08,1e-08,,1e-08,,,,0.0075,,,,0.00014,0.013,0.194,0.021,2e-05,0.0003,0.002,0.0004,0.032,,,,
Abobrinha paulista crua,,,0.6,7.9,0.1,31,,,,,,,,,2.6,,,,1e-08,1e-08,1e-08,,3e-05,,,,0.0175,,,,0.00011,0.009,0.213,0.019,0.0001,0.0002,0.001,0.0002,0.033,,,,
Acelga crua,,,1.4,4.6,0.1,21,,,,,,,,,1.1,,,,4e-05,1e-08,1e-08,,0.00016,,,,0.0226,,,,0.00011,0.01,0.24,0.043,0.0001,0.0003,0.001,0.0003,0.04,,,,
Agrião cru,,,2.7,2.3,0.2,17,,,,,,,,,2.1,,,0.000229,0.00011,0.00023,0.00119,,9e-05,,,,0.0601,,,,0.00028,0.018,0.218,0.133,0.0001,0.0007,0.007,0.0031,0.051,,,,
Aipo cru,,,0.8,4.3,0.1,19,,,,,,,,,1,,,0.000458,1e-08,1e-08,1e-08,,0.00018,,,,0.0059,,,,0.00018,0.009,0.274,0.065,0.00031,0.0001,0.01,0.0007,0.028,,,,
Alface americana crua,,,0.6,1.7,0.1,9,,,,,,,,,1,,,,3e-05,1e-08,1e-08,,4e-05,,,,0.011,,,,0.00012,0.006,0.136,0.014,2e-05,0.0002,0.007,0.0003,0.019,,,,
Alface crespa crua,,,1.3,1.7,0.2,11,,,,,,,,,1.8,,,0.000117,0.00011,0.00012,0.00109,,1e-08,,,,0.0156,,,,0.0002,0.011,0.267,0.038,3e-05,0.0003,0.003,0.0004,0.026,,,,
Alface lisa crua,,,1.7,2.4,0.1,14,,,,,,,,,2.3,,,0.000184,9e-05,8e-05,0.00075,,7e-05,,,,0.0214,,,,0.00033,0.009,0.349,0.028,3e-05,0.0003,0.004,0.0006,0.026,,,,
Alface roxa crua,,,0.9,2.5,0.2,13,,,,,,,,,2,,,0.000156,1e-08,1e-08,1e-08,,1e-08,,,,0.0135,,,,0.00012,0.009,0.308,0.034,4e-05,0.0002,0.007,0.0025,0.051,,,,
Alfavaca crua,,,2.7,5.2,0.5,29,0.1,,1e-05,0.2,0.16,0.04,,,4.1,,,,1e-08,0.00012,1e-08,,0.00056,,,,1e-08,,,,0.00015,0.084,0.261,0.258,0.00015,0.0007,0.005,0.0013,0.05,,,,
Alho cru,,,7,23.9,0.2,113,,,,,,,,,4.3,,,,0.00018,1e-08,1e-08,,0.00044,,,,,,,,0.00024,0.021,0.535,0.014,0.00015,0.0008,0.005,0.0008,0.149,,,,
Alho-poró cru,,,1.4,6.9,0.1,32,,,,,,,,,2.5,,,8e-06,6e-05,1e-08,0.00034,,8e-05,,,,0.0141,,,,0.0001,0.011,0.224,0.034,0.00029,0.0002,0.002,0.0006,0.036,,,,
Almeirão cru,,,1.8,3.3,0.2,18,,,,,,,,,2.6,,,0.000283,0.0001,0.00018,0.00063,,1e-08,,,,0.0017,,,,0.00017,0.021,0.369,0.019,0.0001,0.0003,0.002,0.0007,0.04,,,,
Almeirão refogado,,,1.7,5.7,4.8,65,0.8,0.04,1.1,2.6,0.35,2.3,,,3.4,,,,3e-05,6e-05,0.00403,,5e-05,,,,0.0015,,,,0.00028,0.017,0.315,0.063,6e-05,0.0002,0.015,0.0016,0.031,,,,
Batata baroa cozida,,,0.9,18.9,0.2,80,,,,,,,,,1.8,,,,6e-05,1e-08,0.00198,,1e-08,,,,0.0171,,,,0.00022,0.008,0.258,0.012,0.00015,0.0004,0.002,0.0004,0.029,,,,
Batata baroa crua,,,1,24,0.2,101,,,,,,,,,2.1,,,1.2e-05,5e-05,1e-08,1e-08,,0.00012,,,,0.0076,,,,7e-05,0.012,0.505,0.017,5e-05,0.0002,1e-08,0.0003,0.045,,,,
Batata doce cozida,,,0.6,18.4,0.1,77,,,,,,,,,2.2,,,,8e-05,1e-08,0.00257,,5e-05,,,,0.0238,,,,0.00014,0.011,0.148,0.017,6e-05,0.0001,0.003,0.0002,0.015,,,,
Batata doce crua,,,1.3,28.2,0.1,118,,,,,,,,,2.6,,,,6e-05,1e-08,1e-08,,0.0001,,,,0.0165,,,,0.00018,0.017,0.34,0.021,0.00011,0.0002,0.009,0.0004,0.036,,,,
Batata frita tipo chips industrializada,,,5.6,51.2,36.6,543,12.9,0.11,11.9,4,0.09,3.85,,,2.5,,,,0.0002,1e-08,0.00261,,0.00013,,,,1e-08,,,,0.00023,0.024,1.014,0.012,0.00012,0.0006,0.607,0.0007,0.096,,,,
Batata inglesa cozida,,,1.2,11.9,1e-05,52,,,,,,,,,1.3,,,,5e-05,1e-08,1e-08,,8e-05,,,,0.0038,,,,7e-05,0.005,0.161,0.004,6e-05,0.0002,0.002,0.0002,0.024,,,,
Batata inglesa crua,,,1.8,14.7,1e-05,64,,,,,,,,,1.2,,,,0.0001,1e-08,1e-08,,0.00015,,,,0.0311,,,,0.0001,0.015,0.302,0.004,9e-05,0.0002,1e-08,0.0004,0.039,,,,
Batata inglesa frita,,,5,35.6,13.1,267,2.1,0.07,3.4,6.6,0.3,6.29,,,8.1,,,,0.00017,1e-08,0.00251,,0.0001,,,,0.0163,,,,0.00015,0.014,0.489,0.006,0.0001,0.0004,0.002,0.0004,0.07,,,,
Batata inglesa sauté,,,1.3,14.1,0.9,68,0.3,,0.2,0.4,0.03,0.33,,,1.4,,,,7e-05,1e-08,0.00138,,9e-05,,,,1e-08,,,,8e-05,0.006,0.199,0.004,5e-05,0.0002,0.008,0.0003,0.032,,,,
Berinjela cozida,,,0.7,4.5,0.1,19,,,,,,,,,2.5,,,,4e-05,1e-08,1e-08,,1e-08,,,,1e-08,,,,0.00011,0.009,0.105,0.011,4e-05,0.0001,0.001,0.0002,0.015,,,,
Berinjela crua,,,1.2,4.4,0.1,20,,,,,,,,,2.9,,,1.2e-05,4e-05,5e-05,1e-08,,1e-08,,,,0.003,,,,0.0001,0.013,0.205,0.009,6e-05,0.0001,1e-08,0.0002,0.02,,,,
Beterraba cozida,,,1.3,7.2,0.1,32,,,,,,,,,1.9,,,,9e-05,1e-08,1e-08,,1e-08,,,,0.0012,,,,0.00019,0.017,0.245,0.015,4e-05,0.0004,0.023,0.0002,0.03,,,,
Beterraba crua,,,1.9,11.1,0.1,49,,,,,,,,,3.4,,,,4e-05,1e-08,1e-08,,4e-05,,,,0.0031,,,,0.00123,0.024,0.375,0.018,8e-05,0.0005,0.01,0.0003,0.019,,,,
Biscoito polvilho doce,,,1.3,80.5,12.2,438,2.4,4.45,4.3,0.6,,0.56,,,1.2,0.009,,1e-11,1e-08,3e-05,1e-08,,7e-05,,,,1e-08,,,,8e-05,0.006,0.054,0.03,4e-05,0.0001,0.098,0.0018,0.023,,,,
Brócolis cozido,,,2.1,4.4,0.5,25,0.1,1e-05,1e-05,0.2,0.1,0.06,,,3.4,,,,4e-05,3e-05,1e-08,,1e-08,,,,0.042,,,,0.00012,0.015,0.119,0.051,8e-05,0.0002,0.002,0.0005,0.033,,,,
Brócolis cru,,,3.6,4,0.3,25,0.1,,0.1,0.2,0.12,0.07,,,2.9,,,0.00014,0.00012,0.00018,0.00139,,8e-05,,,,0.0343,,,,0.00026,0.03,0.322,0.086,6e-05,0.0005,0.003,0.0006,0.078,,,,
Cará cozido,,,1.5,18.9,0.1,78,,,,,,,,,2.6,,,,0.00012,1e-08,1e-08,,0.00012,,,,1e-08,,,,2e-05,0.015,0.203,0.005,0.00011,0.0002,0.001,0.0003,0.028,,,,
Cará cru,,,2.3,23,0.1,96,,,,,,,,,7.3,,,,0.00011,1e-08,1e-08,,2e-05,,,,0.0088,,,,1e-05,0.011,0.212,0.004,6e-05,0.0002,1e-08,0.0002,0.035,,,,
Caruru cru,,,3.2,6,0.6,34,0.1,,1e-05,0.3,0.17,0.09,,,4.5,,,0.000953,1e-08,0.0001,1e-08,,0.00011,,,,0.0054,,,,0.00089,0.197,0.279,0.455,0.00037,0.006,0.014,0.0045,0.077,,,,
Catalonha crua,,,1.9,4.8,0.3,24,0.1,,1e-05,0.1,0.1,0.04,,,2,,,,1e-08,3e-05,0.00154,,0.00036,,,,0.0073,,,,0.00034,0.017,0.412,0.057,0.00027,0.0005,0.009,0.0031,0.032,,,,
Catalonha refogada,,,2,4.8,4.8,63,0.7,0.01,1.1,3,0.48,2.48,,,3.7,,,0.000425,4e-05,1e-08,0.0006,,3e-05,,,,1e-08,,,,0.00064,0.016,0.452,0.063,0.00018,0.0004,0.025,0.0012,0.035,,,,
Cebola crua,,,1.7,8.9,0.1,39,,,,,,,,,2.2,,,,4e-05,1e-08,1e-08,,0.00014,,,,0.0047,,,,0.00013,0.012,0.176,0.014,5e-05,0.0002,0.001,0.0002,0.038,,,,
Cebolinha crua,,,1.9,3.4,0.4,20,,,,,,,,,3.6,,,6.7e-05,3e-05,4e-05,1e-08,,8e-05,,,,0.0318,,,,0.00013,0.025,0.206,0.08,4e-05,0.0003,0.002,0.0006,0.027,,,,
Cenoura cozida,,,0.8,6.7,0.2,30,1e-05,,1e-05,0.1,1e-05,0.12,,,2.6,,,0.000306,7e-05,1e-08,0.00268,,6e-05,,,,1e-08,,,,5e-05,0.014,0.176,0.026,2e-05,0.0002,0.008,0.0001,0.027,,,,
Cenoura crua,,,1.3,7.7,0.2,34,,,,,,,,,3.2,,,0.000663,1e-08,1e-08,1e-08,,5e-05,,,,0.0051,,,,5e-05,0.011,0.315,0.023,5e-05,0.0002,0.003,0.0002,0.028,,,,
Chicória crua,,,1.1,2.9,0.1,14,,,,,,,,,2.2,,,,3e-05,0.0001,0.00068,,1e-08,,,,0.0065,,,,0.00013,0.014,0.425,0.045,4e-05,0.0001,0.014,0.0005,0.013,,,,
Chuchu cozido,,,0.4,4.8,1e-05,19,,,,,,,,,1,,,,3e-05,1e-08,1e-08,,1e-08,,,,0.0056,,,,7e-05,0.007,0.054,0.008,1e-08,0.0001,0.002,0.0001,0.013,,,,
Chuchu cru,,,0.7,4.1,0.1,17,,,,,,,,,1.3,,,,1e-08,1e-08,1e-08,,1e-08,,,,0.0106,,,,8e-05,0.007,0.126,0.012,3e-05,0.0001,1e-08,0.0002,0.018,,,,
Coentro folhas desidratadas,,,20.9,48,10.4,309,,,,,,,,,37.3,,,,0.0001,0.00011,1e-08,,9e-05,,,,0.0408,,,,0.01048,0.393,3.223,0.784,0.00409,0.0047,0.018,0.0814,0.388,,,,
Couve manteiga crua,,,2.9,4.3,0.5,27,0.1,,1e-05,0.1,0.08,0.05,,,3.1,,,0.000248,0.0002,0.00031,0.00229,,6e-05,,,,0.0967,,,,0.00102,0.035,0.403,0.131,6e-05,0.0004,0.006,0.0005,0.049,,,,
Couve manteiga refogada,,,1.7,8.7,6.6,90,1,,1.6,3.6,0.38,3.16,,,5.7,,,0.000192,1e-08,5e-05,1e-08,,7e-05,,,,0.0769,,,,0.00012,0.026,0.315,0.177,2e-05,0.0002,0.011,0.0005,0.033,,,,
Couve-flor crua,,,1.9,4.5,0.2,23,,,,,,,,,2.4,,,1e-06,3e-05,9e-05,1e-08,,0.0001,,,,0.0361,,,,0.00016,0.012,0.256,0.018,3e-05,0.0003,0.003,0.0005,0.057,,,,
Couve-flor cozida,,,1.2,3.9,0.3,19,0.1,,1e-05,0.1,0.06,0.06,,,2.1,,,,4e-05,1e-08,1e-08,,1e-08,,,,0.0237,,,,0.0001,0.005,0.08,0.016,1e-08,0.0003,0.002,0.0001,0.025,,,,
Espinafre Nova Zelândia cru,,,2,2.6,0.2,16,,,,,,,,,2.1,,,0.000242,0.0001,0.00021,1e-08,,6e-05,,,,0.0024,,,,0.00071,0.082,0.336,0.098,6e-05,0.0003,0.017,0.0004,0.025,,,,
Espinafre Nova Zelândia refogado,,,2.7,4.2,5.4,67,0.9,0.04,1.3,2.9,0.38,2.55,,,2.5,,,0.000312,8e-05,0.00013,1e-08,,0.00013,,,,0.0053,,,,0.00061,0.123,0.149,0.112,4e-05,0.0006,0.047,0.0006,0.034,,,,
Farinha de mandioca crua,,,1.6,87.9,0.3,361,0.1,0.10001,0.1,1e-05,0.01,0.03,,,6.4,,,,0.00014,1e-08,1e-08,,4e-05,,,,1e-08,,,,1e-08,0.037,0.34,0.065,8e-05,0.0004,0.001,0.0011,0.042,,,,
Farinha de mandioca torrada,,,1.2,89.2,0.3,365,0.1,,0.1,1e-05,0.01,0.03,,,6.5,,,,1e-08,1e-08,1e-08,,0.00081,,,,1e-08,,,,0.00037,0.04,0.328,0.076,1e-08,0.0004,0.01,0.0012,0.039,,,,
Farinha de puba,,,1.6,87.3,0.5,360,0.2,,0.2,1e-05,,0.04,,,4.2,,,,9e-05,1e-08,1e-08,,1e-08,,,,1e-08,,,,0.00016,0.027,0.338,0.041,7e-05,0.0003,0.004,0.0014,0.033,,,,
Fécula de mandioca,,,0.5,81.1,0.3,331,,,,,,,,,0.6,,,,3e-05,1e-08,1e-08,,1e-08,,,,1e-08,,,,1e-08,0.003,0.048,0.012,1e-08,1e-08,0.002,0.0001,0.06,,,,
Feijão broto cru,,,4.2,7.8,0.1,39,,,,,,,,,2,,,,1e-08,4e-05,1e-08,,0.00015,,,,0.012,,,,0.00019,0.025,0.189,0.014,0.00017,0.0006,0.002,0.0008,0.075,,,,
Inhame cru,,,2.1,23.2,0.2,97,0.1,,1e-05,0.1,1e-05,0.08,,,1.7,,,,8e-05,1e-08,1e-08,,0.00011,,,,0.0056,,,,0.00015,0.029,0.568,0.012,0.00017,0.0003,1e-08,0.0004,0.065,,,,
Jiló cru,,,1.4,6.2,0.2,27,0.1,,0.1,0.2,1e-05,0.2,,,4.8,,,6e-06,7e-05,4e-05,1e-08,,1e-08,,,,0.0068,,,,0.00014,0.021,0.213,0.02,7e-05,0.0001,1e-08,0.0003,0.029,,,,
Jurubeba crua,,,4.4,23.1,3.9,126,0.5,,0.5,2.1,0.03,2.09,,,23.9,,,,0.00013,2e-05,1e-08,,0.0002,,,,0.0138,,,,0.00052,0.065,0.619,0.151,0.00116,0.0006,0.001,0.0009,0.155,,,,
Mandioca cozida,,,0.6,30.1,0.3,125,0.1,,0.1,0.1,0.01,0.05,,,1.6,,,,6e-05,1e-08,1e-08,,3e-05,,,,0.0111,,,,6e-05,0.027,0.1,0.019,1e-05,0.0002,0.001,0.0001,0.022,,,,
Mandioca crua,,,1.1,36.2,0.3,151,0.1,1e-05,0.1,1e-05,1e-05,0.04,,,1.9,,,,1e-08,1e-08,1e-08,,4e-05,,,,0.0165,,,,5e-05,0.044,0.208,0.015,7e-05,0.0002,0.002,0.0003,0.029,,,,
Mandioca farofa temperada,,,2.1,80.3,9.1,406,1.9,0.63,2.4,2.5,0.19,2.29,,,7.8,,,,0.0001,1e-08,1e-08,,0.00015,,,,1e-08,,,,0.00029,0.034,0.201,0.066,1e-08,0.0002,0.575,0.0014,0.045,,,,
Mandioca frita,,,1.4,50.3,11.2,300,1.7,0.04,2.8,6.2,0.57,5.58,,,1.9,,,,5e-05,1e-08,1e-08,,4e-05,,,,1e-08,,,,0.00018,0.095,0.176,0.023,0.00012,0.0004,0.009,0.0003,0.057,,,,
Manjericão cru,,,2,3.6,0.4,21,0.1,,1e-05,0.3,0.21,0.05,,,3.3,,,0.000517,6e-05,0.00021,0.0009,,6e-05,,,,0.0023,,,,0.00017,0.058,0.252,0.211,0.00016,0.0005,0.004,0.001,0.04,,,,
Maxixe cru,,,1.4,2.7,0.1,14,,,,,,,,,2.2,,,3e-06,6e-05,2e-05,1e-08,,4e-05,,,,0.0096,,,,7e-05,0.01,0.328,0.021,2e-05,0.0002,0.011,0.0004,0.025,,,,
Mostarda folha crua,,,2.1,3.2,0.2,18,,,,,,,,,1.9,,,,5e-05,4e-05,1e-08,,5e-05,,,,0.0386,,,,0.00014,0.016,0.364,0.068,5e-05,0.0003,0.003,0.0011,0.058,,,,
Nhoque batata cozido,,,5.9,36.8,1.9,181,0.6,,0.5,0.8,0.05,0.72001,,,1.8,0.015,,1.5e-05,8e-05,1e-08,1e-08,,4e-05,,,,1e-08,,,,0.0003,0.018,0.164,0.011,0.0001,0.0005,0.007,0.0016,0.068,,,,
Nabo cru,,,1.2,4.1,0.1,18,,,,,,,,,2.6,,,,7e-05,1e-08,1e-08,,3e-05,,,,0.0096,,,,0.00442,0.015,0.28,0.042,2e-05,0.0002,0.002,0.0002,0.017,,,,
Palmito juçara em conserva,,,1.8,4.3,0.4,23,0.1,1e-05,1e-05,0.1,0.01,0.09,,,3.2,,,,6e-05,4e-05,1e-08,,1e-08,,,,0.002,,,,0.01082,0.034,0.244,0.058,0.00023,0.0007,0.514,0.0003,0.04,,,,
Palmito pupunha em conserva,,,2.5,5.5,0.5,29,,,,,,,,,2.6,,,,3e-05,1e-08,1e-08,,1e-08,,,,0.0087,,,,0.00014,0.025,0.206,0.032,8e-05,0.0004,0.563,0.0002,0.055,,,,
Pão de queijo assado,,,5.1,34.2,24.6,363,,,,,,,,,0.6,0.068,,6.1e-05,4e-05,0.0001,1e-08,,4e-05,,,,,,,,3e-05,0.008,0.093,0.102,1e-05,0.0006,0.773,0.0003,0.094,,,,
Pão de queijo cru,,,3.6,38.5,14,295,3.4,0.75,3,4.1,0.36,3.67,,,1,0.063,,4.8e-05,1e-08,8e-05,1e-08,,1e-08,,,,,,,,1e-08,0.007,0.058,0.088,1e-08,0.0004,0.405,0.0003,0.079,,,,
Pepino cru,,,0.9,2,1e-05,10,,,,,,,,,1.1,,,2e-06,1e-08,3e-05,1e-08,,1e-08,,,,0.005,,,,8e-05,0.009,0.154,0.01,4e-05,0.0001,1e-08,0.0001,0.012,,,,
Pimentão amarelo cru,,,1.2,6,0.4,28,,,,,,,,,1.9,,,2e-05,4e-05,3e-05,1e-08,,6e-05,,,,0.2014,,,,8e-05,0.011,0.221,0.01,4e-05,0.0002,1e-08,0.0004,0.022,,,,
Pimentão verde cru,,,1.1,4.9,0.2,21,,,,,,,,,2.6,,,2.3e-05,1e-08,1e-08,1e-08,,1e-08,,,,0.1002,,,,0.00014,0.008,0.174,0.009,7e-05,0.0001,1e-08,0.0004,0.017,,,,
Pimentão vermelho cru,,,1,5.5,0.1,23,,,,,,,,,1.6,,,4.3e-05,5e-05,6e-05,1e-08,,2e-05,,,,0.1582,,,,6e-05,0.011,0.211,0.006,4e-05,0.0002,1e-08,0.0003,0.02,,,,
Polvilho doce,,,0.4,86.8,1e-05,351,,,,,,,,,0.2,,,,1e-08,1e-08,1e-08,,1e-08,,,,1e-08,,,,9e-05,0.004,0.038,0.027,1e-08,1e-08,0.002,0.0005,0.008,,,,
Quiabo cru,,,1.9,6.4,0.3,30,,,,,,,,,4.6,,,2.5e-05,0.0001,1e-08,1e-08,,3e-05,,,,0.0056,,,,0.00046,0.05,0.249,0.112,0.00017,0.0006,0.001,0.0004,0.056,,,,
Rabanete cru,,,1.4,2.7,0.1,14,,,,,,,,,2.2,,,,6e-05,2e-05,1e-08,,4e-05,,,,0.0096,,,,7e-05,0.01,0.328,0.021,2e-05,0.0002,0.011,0.0004,0.025,,,,
Repolho branco cru,,,0.9,3.9,0.1,17,,,,,,,,,1.9,,,3e-06,1e-08,3e-05,1e-08,,6e-05,,,,0.0187,,,,0.00013,0.009,0.15,0.035,2e-05,0.0002,0.004,0.0002,0.014,,,,
Repolho roxo cru,,,1.9,7.2,0.1,31,,,,,,,,,2,,,,7e-05,1e-08,1e-08,,9e-05,,,,0.0432,,,,0.00025,0.018,0.328,0.044,0.0009,0.0003,0.002,0.0005,0.058,,,,
Repolho roxo refogado,,,1.8,7.6,1.2,42,0.2,1e-05,0.3,0.7,0.07,0.61,,,1.8,,,,7e-05,1e-08,0.00063,,7e-05,,,,0.0405,,,,0.00026,0.017,0.321,0.043,2e-05,0.0003,0.003,0.0005,0.059,,,,
Rúcula crua,,,1.8,2.2,0.1,13,,,,,,,,,1.7,,,0.000266,4e-05,1e-08,0.00035,,1e-08,,,,0.0463,,,,0.00024,0.018,0.233,0.117,4e-05,0.0002,0.009,0.0009,0.025,,,,
Salsa crua,,,3.3,5.7,0.6,33,0.1,,1e-05,0.2,0.09001,0.11,,,1.9,,,0.000872,0.00012,0.00015,0.00072,,0.00047,,,,0.0517,,,,0.00188,0.021,0.711,0.179,0.0002,0.0013,0.002,0.0032,0.049,,,,
Seleta de legumes enlatada,,,3.4,12.7,0.4,57,0.1,2e-05,0.2,0.2,0.01,0.2,,,3.1,,,0.000122,3e-05,1e-08,0.00372,,1e-08,,,,1e-08,,,,0.00013,0.016,0.122,0.016,8e-05,0.0005,0.398,0.0011,0.049,,,,
Serralha crua,,,2.7,4.9,0.7,30,0.1,,0.1,0.3,0.26,0.07,,,3.5,,,0.000567,1e-08,0.00011,1e-08,,8e-05,,,,0.0015,,,,0.00023,0.03,0.265,0.126,0.0002,0.0013,0.019,0.0013,0.048,,,,
Taioba crua,,,2.9,5.4,0.9,34,0.2,,0.1,0.4,0.25,0.12,,,4.5,,,0.00058,1e-08,0.0001,1e-08,,0.0001,,,,0.0179,,,,0.00066,0.038,0.29,0.141,0.00016,0.0006,0.001,0.0019,0.053,,,,
Tomate com semente cru,,,1.1,3.1,0.2,15,,,,,,,,,1.2,,,2.7e-05,0.00012,1e-08,1e-08,,2e-05,,,,0.0212,,,,7e-05,0.011,0.222,0.007,4e-05,0.0001,0.001,0.0002,0.02,,,,
Tomate extrato,,,2.4,15,0.2,61,,,,,,,,,2.8,,,8.3e-05,1e-08,1e-08,0.00242,,0.00011,,,,0.018,,,,0.00018,0.029,0.68,0.029,0.0002,0.0004,0.498,0.0021,0.047,,,,
Tomate molho industrializado,,,1.4,7.7,0.9,38,0.1,2e-05,0.1,0.2,0.02,0.17,,,3.1,,,3.8e-05,1e-08,1e-08,1e-08,,6e-05,,,,0.0027,,,,8e-05,0.017,0.388,0.012,8e-05,0.0001,0.418,0.0016,0.027,,,,
Tomate purê,,,1.4,6.9,1e-05,28,,,,,,,,,1,,,4.5e-05,1e-08,1e-08,0.00118,,7e-05,,,,0.0054,,,,,0.015,0.308,0.013,9e-05,0.0003,0.104,0.0013,0.03,,,,
Tomate salada,,,0.8,5.1,1e-05,21,,,,,,,,,2.3,,,,6e-05,4e-05,1e-08,,5e-05,,,,0.0128,,,,4e-05,0.01,0.161,0.007,7e-05,0.0002,0.005,0.0003,0.023,,,,
Vagem crua,,,1.8,5.3,0.2,25,,,,,,,,,2.4,,,1.6e-05,1e-08,8e-05,1e-08,,1e-08,,,,0.0012,,,,0.0005,0.018,0.208,0.041,6e-05,0.0003,1e-08,0.0004,0.028,,,,
Abacate cru,,,1.2,6,8.4,96,2.3,,4.3,1.4,0.08,1.29,,,6.3,,,,1e-08,4e-05,1e-08,,1e-08,,,,0.0087,,,,0.00017,0.015,0.206,0.008,0.00015,0.0002,1e-08,0.0002,0.022,,,,
Abacaxi cru,,,0.9,12.3,0.1,48,,,,,,,,,1,,,,0.00017,2e-05,1e-08,,1e-08,,,,0.0346,,,,0.00162,0.018,0.131,0.022,0.00011,0.0001,1e-08,0.0003,0.013,,,,
Abacaxi polpa congelada,,,0.5,7.8,0.1,31,,,,,,,,,0.3,,,1e-06,5e-05,1e-08,1e-08,,1e-08,,,,0.0012,,,,0.00102,0.01,0.107,0.014,4e-05,0.0001,0.001,0.0004,0.008,,,,
Abiu cru,,,0.8,14.9,0.7,62,0.3,,0.1,0.1,0.02,0.1,,,1.7,,,,1e-08,4e-05,1e-08,,5e-05,,,,0.0103,,,,8e-05,0.009,0.128,0.006,9e-05,0.0001,1e-08,0.0002,0.02,,,,
Açaí polpa com xarope de guaraná e glucose,,,0.7,21.5,3.7,110,0.7,,1.9,0.3,0.02,0.3,,,1.7,,,,1e-08,1e-08,1e-08,,7e-05,,,,0.0103,,,,0.00329,0.013,0.075,0.022,0.00014,0.0002,0.015,0.0003,0.011,,,,
Açaí polpa congelada,,,0.8,6.2,3.9,58,0.7,,2,0.4,0.02,0.35,,,2.6,,,,1e-08,4e-05,1e-08,,7e-05,,,,1e-08,,,,0.00616,0.017,0.124,0.035,0.00018,0.0003,0.005,0.0004,0.016,,,,
Acerola crua,,,0.9,8,0.2,33,,,,,,,,,1.5,,,0.000124,1e-08,4e-05,0.00138,,1e-08,,,,0.9414,,,,7e-05,0.013,0.165,0.013,7e-05,0.0001,1e-08,0.0002,0.009,,,,
Acerola polpa congelada,,,0.6,5.5,1e-05,22,,,,,,,,,0.7,,,9.6e-05,1e-08,0.0001,1e-08,,1e-08,,,,0.6232,,,,3e-05,0.009,0.112,0.008,4e-05,0.0001,0.001,0.0002,0.013,,,,
Ameixa calda enlatada,,,0.4,46.9,1e-05,183,,,,,,,,,0.5,,,,1e-08,0.00023,1e-08,,0.00037,,,,0.0043,,,,0.0001,0.01,0.221,0.013,3e-05,0.0001,0.003,0.0022,0.021,,,,
Ameixa crua,,,0.8,13.9,1e-05,53,,,,,,,,,2.4,,,1.4e-05,7e-05,1e-08,1e-08,,3e-05,,,,0.0076,,,,3e-05,0.005,0.134,0.006,6e-05,0.0001,1e-08,0.0001,0.014,,,,
Ameixa em calda enlatada drenada,,,1,47.7,0.3,177,0.1,,1e-05,0.1,0.01,0.07,,,4.5,,,,1e-08,0.00022,1e-08,,8e-05,,,,0.0052,,,,0.0002,0.014,0.263,0.039,0.00016,0.0002,0.003,0.0027,0.026,,,,
Atemóia crua,,,1,25.3,0.3,97,0.1,,1e-05,0.1,0.04,0.06,,,2.1,,,,9e-05,7e-05,0.00158,,7e-05,,,,0.0101,,,,0.00016,0.025,0.3,0.023,0.00017,0.0002,0.001,0.0002,0.023,,,,
Banana da terra crua,,,1.4,33.7,0.2,128,,,,,,,,,1.5,,,0.000119,3e-05,2e-05,1e-08,,0.00014,,,,0.0157,,,,0.00016,0.024,0.328,0.004,5e-05,0.0002,1e-08,0.0003,0.026,,,,
Banana doce em barra,,,2.2,75.7,0.1,280,,,,,,,,,3.8,,,1.4e-05,3e-05,1e-08,0.00141,,6e-05,,,,1e-08,,,,0.00084,0.049,0.518,0.012,0.00016,0.0003,0.01,0.0006,0.037,,,,
Banana figo crua,,,1.1,27.8,0.1,105,,,,,,,,,2.8,,,,9e-05,1e-08,1e-08,,3e-05,,,,0.0175,,,,0.00021,0.03,0.387,0.006,6e-05,0.0001,1e-08,0.0002,0.016,,,,
Banana maçã crua,,,1.8,22.3,0.1,87,,,,,,,,,2.6,,,3e-06,1e-08,1e-08,1e-08,,0.00014,,,,0.0105,,,,0.0006,0.024,0.264,0.003,0.00011,0.0001,1e-08,0.0002,0.029,,,,
Banana nanica crua,,,1.4,23.8,0.1,92,,,,,,,,,1.9,,,7e-06,1e-08,2e-05,1e-08,,0.00014,,,,0.0059,,,,0.00014,0.028,0.376,0.003,0.0001,0.0002,1e-08,0.0003,0.027,,,,
Banana ouro crua,,,1.5,29.3,0.2,112,,,,,,,,,2,,,2.5e-05,1e-08,1e-08,1e-08,,0.00014,,,,0.0076,,,,9e-05,0.028,0.355,0.003,8e-05,0.0003,1e-08,0.0003,0.022,,,,
Banana pacova crua,,,1.2,20.3,0.1,78,,,,,,,,,2,,,,5e-05,3e-05,1e-08,,0.00017,,,,1e-08,,,,0.00041,0.03,0.267,0.005,6e-05,0.0001,0.001,0.0004,0.02,,,,
Banana prata crua,,,1.3,26,0.1,98,,,,,,,,,2,,,1.6e-05,1e-08,2e-05,1e-08,,0.0001,,,,0.0216,,,,0.00042,0.026,0.358,0.008,5e-05,0.0001,1e-08,0.0004,0.022,,,,
Cacau cru,,,1,19.4,0.1,74,,,,,,,,,2.2,,,,0.00025,1e-08,1e-08,,4e-05,,,,0.0136,,,,4e-05,0.025,0.072,0.012,0.00015,0.0006,0.001,0.0003,0.009,,,,
Cajá-Manga cru,,,1.3,11.4,1e-05,46,,,,,,,,,2.6,,,,0.00011,1e-08,1e-08,,5e-05,,,,0.0267,,,,5e-05,0.011,0.119,0.013,2e-05,0.0002,0.001,0.0002,0.024,,,,
Cajá polpa congelada,,,0.6,6.4,0.2,26,,,,,,,,,1.4,,,5.3e-05,4e-05,1e-08,1e-08,,1e-08,,,,1e-08,,,,7e-05,0.007,0.148,0.009,0.0001,0.0001,0.007,0.0003,0.026,,,,
Caju cru,,,1,10.3,0.3,43,,,,,,,,,1.7,,,7e-06,1e-08,1e-08,1e-08,,1e-08,,,,0.2193,,,,0.00012,0.01,0.124,0.001,7e-05,0.0001,0.003,0.0002,0.016,,,,
Caju polpa congelada,,,0.5,9.4,0.2,37,,,,,,,,,0.8,,,1.1e-05,1e-08,2e-05,0.00225,,1e-08,,,,0.1197,,,,5e-05,0.007,0.088,0.001,7e-05,0.0001,0.004,0.0001,0.01,,,,
Caju suco concentrado envasado,,,0.4,10.7,0.2,45,,,,,,,,,0.6,,,5e-06,1e-08,3e-05,1e-08,,1e-08,,,,0.1387,,,,6e-05,0.008,0.107,0.001,4e-05,0.0001,0.045,0.0001,0.011,,,,
Caqui chocolate cru,,,0.4,19.3,0.1,71,,,,,,,,,6.5,,,,1e-08,1e-08,1e-08,,3e-05,,,,0.0296,,,,0.00039,0.009,0.164,0.018,1e-08,0.0002,0.002,0.0001,0.018,,,,
Carambola crua,,,0.9,11.5,0.2,46,,,,,,,,,2,,,,0.00012,1e-08,1e-08,,1e-08,,,,0.0609,,,,0.00013,0.007,0.133,0.005,8e-05,0.0002,0.004,0.0002,0.011,,,,
Ciriguela crua,,,1.4,18.9,0.4,76,0.2,,1e-05,0.1,0.03,0.07,,,3.9,,,,0.00014,1e-08,1e-08,,1e-08,,,,0.027,,,,6e-05,0.018,0.248,0.027,0.00012,0.0005,0.002,0.0004,0.049,,,,
Cupuaçu cru,,,1.2,10.4,1,49,0.4,,0.2,0.1,0.09,0.03,,,3.1,,,,0.00037,4e-05,0.00434,,7e-05,,,,0.0245,,,,7e-05,0.018,0.331,0.013,7e-05,0.0003,0.003,0.0005,0.021,,,,
Cupuaçu polpa congelada,,,0.8,11.4,0.6,49,0.3,1e-05,0.1,1e-05,0.03,0.01,,,1.6,,,,7e-05,7e-05,1e-08,,5e-05,,,,0.0105,,,,0.00017,0.014,0.291,0.005,0.00014,0.0002,0.001,0.0003,0.014,,,,
Figo cru,,,1,10.2,0.2,41,,,,,,,,,1.8,,,,5e-05,1e-08,1e-08,,1e-08,,,,0.0008,,,,6e-05,0.011,0.174,0.027,0.00013,0.0001,1e-08,0.0002,0.015,,,,
Figo enlatado em calda,,,0.6,50.3,0.2,184,,,,,,,,,2,,,,1e-08,1e-08,1e-08,,1e-08,,,,0.0052,,,,0.00016,0.007,0.039,0.033,0.00025,0.0001,0.007,0.0005,0.006,,,,
Fruta-pão crua,,,1.1,17.2,0.2,67,0.1,,1e-05,1e-05,0.02,0.01,,,5.5,,,,3e-05,1e-08,1e-08,,1e-08,,,,0.0099,,,,4e-05,0.024,0.188,0.034,7e-05,0.0001,0.001,0.0002,0.027,,,,
Goiaba branca com casca crua,,,0.9,12.4,0.5,52,0.1,,1e-05,0.2,1e-05,0.23,,,6.3,,,,1e-08,1e-08,1e-08,,3e-05,,,,0.0992,,,,7e-05,0.007,0.22,0.005,4e-05,0.0002,1e-08,0.0002,0.016,,,,
Goiaba doce em pasta,,,0.6,74.1,0,269,,,,,,,,,3.7,,,6.8e-05,7e-05,1e-08,1e-08,,1e-08,,,,0.0231,,,,0.00011,0.006,0.165,0.01,6e-05,0.0001,0.004,0.0004,0.054,,,,
Goiaba doce cascão,,,0.4,78.7,0.1,286,,,,,,,,,4.4,,,2.5e-05,1e-08,1e-08,0.00141,,1e-08,,,,0.0343,,,,0.00016,0.01,0.251,0.015,8e-05,0.0001,0.011,0.0004,0.028,,,,
Goiaba vermelha com casca crua,,,1.1,13,0.4,54,0.1,,1e-05,0.3,1e-05,0.26,,,6.2,,,1.9e-05,1e-08,1e-08,1e-08,,3e-05,,,,0.0806,,,,9e-05,0.007,0.198,0.004,4e-05,0.0001,1e-08,0.0002,0.015,,,,
Graviola crua,,,0.8,15.8,0.2,62,1e-05,,0.1,1e-05,0.02,0.01,,,1.9,,,,0.00017,0.00012,1e-08,,3e-05,,,,0.0191,,,,8e-05,0.023,0.25,0.04,4e-05,0.0001,0.004,0.0002,0.019,,,,
Graviola polpa congelada,,,0.6,9.8,0.1,38,,,,,,,,,1.2,,,,1e-08,9e-05,1e-08,,1e-08,,,,0.0105,,,,6e-05,0.01,0.17,0.006,6e-05,0.0001,0.003,0.0001,0.017,,,,
Jabuticaba crua,,,0.6,15.3,0.1,58,,,,,,,,,2.3,,,,6e-05,1e-08,1e-08,,1e-08,,,,0.0162,,,,0.0003,0.018,0.13,0.008,7e-05,0.0003,1e-08,0.0001,0.015,,,,
Jaca crua,,,1.4,22.5,0.3,88,0.1,,0.1,1e-05,0.02,1e-05,,,2.4,,,,0.0001,4e-05,1e-08,,5e-05,,,,0.0148,,,,0.00048,0.04,0.234,0.011,9e-05,0.0002,0.002,0.0004,0.014,,,,
Jambo cru,,,0.9,6.5,0.1,27,,,,,,,,,5.1,,,,8e-05,1e-08,0.00118,,1e-08,,,,0.0038,,,,5e-05,0.014,0.135,0.014,2e-05,0.0001,0.022,0.0001,0.018,,,,
Jamelão cru,,,0.5,10.6,0.1,41,,,,,,,,,1.8,,,4e-06,0.00017,1e-08,1e-08,,0.00012,,,,0.0271,,,,1e-08,0.002,0.394,0.003,3e-05,0,0.001,0,0.004,,,,
Kiwi cru,,,1.3,11.5,0.6,51,0.1,,0.1,0.3,0.29,0.06,,,2.7,,,3e-06,1e-08,1e-08,1e-08,,6e-05,,,,0.0708,,,,5e-05,0.011,0.269,0.024,0.00015,0.0001,1e-08,0.0003,0.033,,,,
Laranja baía crua,,,1,11.5,0.1,45,,,,,,,,,1.1,,,2e-06,6e-05,2e-05,1e-08,,1e-08,,,,0.0569,,,,4e-05,0.009,0.174,0.035,4e-05,0.0001,1e-08,0.0001,0.024,,,,
Laranja baía suco,,,0.7,8.7,1e-05,37,,,,,,,,,1e-05,,,2e-06,3e-05,1e-08,1e-08,,2e-05,,,,0.0945,,,,2e-05,0.008,0.173,0.006,2e-05,1e-08,1e-08,0.0001,0.022,,,,
Laranja da terra crua,,,1.1,12.9,0.2,51,,,,,,,,,4,,,,7e-05,9e-05,1e-08,,3e-05,,,,0.0347,,,,4e-05,0.014,0.173,0.051,4e-05,0.0002,0.001,0.0001,0.02,,,,
Laranja da terra suco,,,0.7,9.6,0.1,41,,,,,,,,,1,,,2e-06,4e-05,1e-08,1e-08,,4e-05,,,,0.0443,,,,2e-05,0.01,0.145,0.013,2e-05,0.0001,1e-08,0.0001,0.015,,,,
Laranja lima crua,,,1.1,11.5,0.1,46,,,,,,,,,1.8,,,,9e-05,5e-05,1e-08,,4e-05,,,,0.0435,,,,5e-05,0.01,0.13,0.031,3e-05,0.0001,0.001,0.0001,0.015,,,,
Laranja lima suco,,,0.7,9.2,0.1,39,,,,,,,,,0.4,,,,0.0001,3e-05,1e-08,,4e-05,,,,0.0413,,,,2e-05,0.011,0.129,0.008,2e-05,0,1e-08,1e-08,0.016,,,,
Laranja pêra crua,,,1,8.9,0.1,37,,,,,,,,,0.8,,,0,7e-05,2e-05,1e-08,,2e-05,,,,0.0537,,,,5e-05,0.009,0.163,0.022,3e-05,0.0001,1e-08,0.0001,0.023,,,,
Laranja pêra suco,,,0.7,7.6,0.1,33,,,,,,,,,1e-05,,,1e-06,1e-08,1e-08,1e-08,,1e-08,,,,0.0733,,,,3e-05,0.008,0.149,0.007,1e-05,1e-08,1e-08,1e-08,0.014,,,,
Laranja valência crua,,,0.8,11.7,0.2,46,,,,,,,,,1.7,,,,7e-05,4e-05,1e-08,,3e-05,,,,0.0478,,,,6e-05,0.014,0.158,0.034,4e-05,0.0001,0.001,0.0001,0.02,,,,
Laranja valência suco,,,0.5,8.6,0.1,36,,,,,,,,,0.4,,,1e-06,,,1e-08,,3e-05,,,,,,,,3e-05,0.01,0.143,0.009,2e-05,1e-08,1e-08,1e-08,0.017,,,,
Limão cravo suco,,,0.3,5.2,1e-05,14,,,,,,,,,1e-05,,,1.6e-05,1e-08,1e-08,1e-08,,1e-08,,,,0.0328,,,,3e-05,0.009,0.12,0.01,3e-05,,1e-08,0.0001,0.011,,,,
Limão galego suco,,,0.6,7.3,0.1,22,,,,,,,,,1e-05,,,,1e-08,1e-08,1e-08,,3e-05,,,,0.0345,,,,1e-05,0.006,0.113,0.005,2e-05,0.0001,1e-08,0.0001,0.013,,,,
Limão tahiti cru,,,0.9,11.1,0.1,32,,,,,,,,,1.2,,,,0.0003,4e-05,1e-08,,1e-08,,,,0.0382,,,,7e-05,0.01,0.128,0.051,6e-05,0.0002,0.001,0.0002,0.024,,,,
Maçã Argentina com casca crua,,,0.2,16.6,0.2,63,0.1,,1e-05,1e-05,0.01,0.04,,,2,,,,5e-05,1e-08,1e-08,,1e-08,,,,0.0015,,,,1e-05,0.005,0.117,0.003,3e-05,1e-08,0.001,0.0001,0.011,,,,
Maçã Fuji com casca crua,,,0.3,15.2,1e-05,56,,,,,,,,,1.3,,,2e-06,1e-08,1e-08,1e-08,,3e-05,,,,0.0024,,,,3e-05,0.002,0.075,0.002,6e-05,1e-08,1e-08,0.0001,0.009,,,,
Macaúba crua,,,2.1,13.9,40.7,404,7.1,,25.3,6.5,0.3,6.18,,,13.4,,,0.00051,0.00011,0.00011,1e-08,,3e-05,,,,0.0134,,,,8e-05,0.066,0.306,0.067,0.00035,0.0007,0.001,0.0008,0.044,,,,
Mamão doce em calda drenado,,,0.2,54,0.1,196,,,,,,,,,1.3,,,,3e-05,1e-08,1e-08,,1e-08,,,,0.0039,,,,2e-05,0.006,0.068,0.02,2e-05,0.0001,0.003,0.0001,0.004,,,,
Mamão Formosa cru,,,0.8,11.6,0.1,45,,,,,,,,,1.8,,,7.4e-05,3e-05,3e-05,1e-08,,1e-08,,,,0.0785,,,,4e-05,0.017,0.222,0.025,0.00136,0.0001,0.003,0.0002,0.011,,,,
Mamão Papaia cru,,,0.5,10.4,0.1,40,,,,,,,,,1,,,5.9e-05,3e-05,4e-05,0.00103,,1e-08,,,,0.0822,,,,1e-05,0.022,0.126,0.022,2e-05,0.0001,0.002,0.0002,0.011,,,,
Mamão verde doce em calda drenado,,,0.3,57.6,0.1,209,,,,,,,,,1.2,,,,1e-08,1e-08,1e-08,,1e-08,,,,1e-08,,,,4e-05,0.005,0.009,0.012,2e-05,0,0.005,0.0002,0.003,,,,
Manga Haden crua,,,0.4,16.7,0.3,64,0.1,,0.1,1e-05,0.02,0.02,,,1.6,,,8.1e-05,2e-05,6e-05,1e-08,,5e-05,,,,0.0174,,,,0.00017,0.008,0.148,0.012,0.0001,0.0001,0.001,0.0001,0.009,,,,
Manga Palmer crua,,,0.4,19.4,0.2,72,,,,,,,,,1.6,,,0.000393,9e-05,3e-05,1e-08,,1e-08,,,,0.0655,,,,5e-05,0.009,0.157,0.012,9e-05,0.0001,0.002,0.0001,0.014,,,,
Manga polpa congelada,,,0.4,12.5,0.2,48,0.1,,0.1,1e-05,0.02,0.01,,,1.1,,,,1e-08,7e-05,1e-08,,3e-05,,,,0.0249,,,,0.00012,0.009,0.131,0.007,6e-05,0.0001,0.007,0.0001,0.009,,,,
Manga Tommy Atkins crua,,,0.9,12.8,0.2,51,0.1,1e-05,0.1,1e-05,0.04,1e-05,,,2.1,,,5.9e-05,1e-08,4e-05,1e-08,,3e-05,,,,0.0079,,,,0.00034,0.007,0.138,0.008,6e-05,0.0001,1e-08,0.0001,0.014,,,,
Maracujá cru,,,2,12.3,2.1,68,0.2,,0.3,0.9,0.02,0.92,,,1.1,,,5.7e-05,1e-08,5e-05,1e-08,,5e-05,,,,0.0198,,,,0.00012,0.028,0.338,0.005,0.00019,0.0004,0.002,0.0006,0.051,,,,
Maracujá polpa congelada,,,0.8,9.6,0.2,39,,,,,,,,,0.5,,,,1e-08,9e-05,1e-08,,6e-05,,,,0.0073,,,,7e-05,0.01,0.228,0.005,5e-05,0.0002,0.008,0.0003,0.015,,,,
Maracujá suco concentrado envasado,,,0.8,9.6,0.2,42,,,,,,,,,0.4,,,,1e-08,8e-05,0.00192,,5e-05,,,,0.0137,,,,7e-05,0.004,0.201,0.004,5e-05,0.0001,0.022,0.0003,0.014,,,,
Melancia crua,,,0.9,8.1,1e-05,33,,,,,,,,,0.1,,,3.1e-05,1e-08,1e-08,1e-08,,1e-08,,,,0.0061,,,,0.00014,0.01,0.104,0.008,4e-05,0.0001,1e-08,0.0002,0.012,,,,
Melão cru,,,0.7,7.5,1e-05,29,,,,,,,,,0.3,,,1e-06,1e-08,1e-08,1e-08,,2e-05,,,,0.0087,,,,5e-05,0.006,0.216,0.003,4e-05,0.0001,0.011,0.0002,0.01,,,,
Mexerica Murcote crua,,,0.9,14.9,0.1,58,,,,,,,,,3.1,,,,8e-05,7e-05,1e-08,,5e-05,,,,0.0218,,,,5e-05,0.012,0.159,0.033,6e-05,0.0001,0.001,0.0001,0.019,,,,
Mexerica Rio crua,,,0.7,9.3,0.1,37,,,,,,,,,2.7,,,,3e-05,1e-08,1e-08,,1e-08,,,,0.112,,,,5e-05,0.008,0.125,0.017,7e-05,0.0002,0.002,0.0001,0.014,,,,
Morango cru,,,0.9,6.8,0.3,30,,,,,,,,,1.7,,,,1e-08,3e-05,1e-08,,3e-05,,,,0.0636,,,,0.00033,0.01,0.184,0.011,6e-05,0.0002,1e-08,0.0003,0.022,,,,
Nêspera crua,,,0.3,11.5,1e-05,43,,,,,,,,,3,,,8.5e-05,1e-08,1e-08,1e-08,,1e-08,,,,0.0032,,,,7e-05,0.01,0.113,0.02,0.00012,0.0001,1e-08,0.0001,0.01,,,,
Pequi cru,,,2.3,13,18,205,,,,,,,,,19,,,3e-05,0.00017,0.00048,0.00257,,6e-05,,,,0.0083,,,,0.00064,0.03,0.298,0.032,0.00021,0.001,1e-08,0.0003,0.034,,,,
Pêra Park crua,,,0.2,16.1,0.2,61,0.1,,1e-05,0.1,0.01,0.05,,,3,,,,6e-05,1e-08,1e-08,,1e-08,,,,0.0024,,,,4e-05,0.006,0.102,0.009,8e-05,0.0001,0.001,0.0003,0.012,,,,
Pêra Williams crua,,,0.6,14,0.1,53,,,,,,,,,3,,,,1e-08,1e-08,1e-08,,1e-08,,,,0.0028,,,,4e-05,0.006,0.116,0.008,7e-05,0.0001,1e-08,0.0001,0.012,,,,
Pêssego Aurora cru,,,0.8,9.3,1e-05,36,,,,,,,,,1.4,,,,5e-05,1e-08,1e-08,,1e-08,,,,0.0033,,,,5e-05,0.004,0.124,0.003,2e-05,0.0001,1e-08,0.0002,0.015,,,,
Pêssego enlatado em calda,,,0.7,16.9,1e-05,63,,,,,,,,,1,,,2.4e-05,1e-08,1e-08,1e-08,,1e-08,,,,1e-08,,,,3e-05,0.004,0.095,0.004,4e-05,0.0001,0.003,0.0006,0.009,,,,
Pinha crua,,,1.5,22.4,0.3,88,0.1,,1e-05,0.1,0.04,0.08,,,3.4,,,,0.00012,4e-05,1e-08,,9e-05,,,,0.0359,,,,0.00015,0.031,0.283,0.021,0.00011,0.0002,0.001,0.0002,0.034,,,,
Pitanga crua,,,0.9,10.2,0.2,41,,,,,,,,,3.2,,,7.7e-05,3e-05,0.0001,1e-08,,1e-08,,,,0.0249,,,,0.00036,0.012,0.113,0.018,8e-05,0.0004,0.002,0.0004,0.013,,,,
Pitanga polpa congelada,,,0.3,4.8,0.1,19,,,,,,,,,0.7,,,7.3e-05,1e-08,1e-08,1e-08,,1e-08,,,,1e-08,,,,5e-05,0.006,0.087,0.008,6e-05,0.0001,0.005,0.0004,0.012,,,,
Romã crua,,,0.4,15.1,1e-05,56,,,,,,,,,0.4,,,,0.00012,0.00017,1e-08,,5e-05,,,,0.0081,,,,0.00013,0.013,0.485,0.005,0.00019,0.0007,0.001,0.0003,0.04,,,,
Tamarindo cru,,,3.2,72.5,0.5,276,0.1,1e-05,0.2,1e-05,0.02,0.02,,,6.4,,,,0.00031,1e-08,1e-08,,0.0001,,,,0.0072,,,,0.00034,0.059,0.723,0.037,0.00029,0.0007,0,0.0006,0.055,,,,
Tangerina Poncã crua,,,0.8,9.6,0.1,38,,,,,,,,,0.9,,,2.4e-05,6e-05,2e-05,1e-08,,2e-05,,,,0.0488,,,,4e-05,0.008,0.131,0.013,3e-05,1e-08,1e-08,0.0001,0.012,,,,
Tangerina Poncã suco,,,0.5,8.8,1e-05,36,,,,,,,,,1e-05,,,2.6e-05,6e-05,1e-08,1e-08,,3e-05,,,,0.0418,,,,2e-05,0.006,0.119,0.004,2e-05,1e-08,1e-08,1e-08,0.009,,,,
Tucumã cru,,,2.1,26.5,19.1,262,4.7,,9.7,0.9,0.58,0.3,,,12.7,,,0.001181,4e-05,1e-08,1e-08,,0.00011,,,,0.018,,,,0.00055,0.121,0.401,0.046,0.00039,0.0009,0.004,0.0006,0.053,,,,
Umbu cru,,,0.8,9.4,1e-05,37,,,,,,,,,2,,,,5e-05,6e-05,1e-08,,3e-05,,,,0.0241,,,,3e-05,0.011,0.152,0.012,4e-05,0.0004,1e-08,0.0001,0.013,,,,
Umbu polpa congelada,,,0.5,8.8,0.1,34,,,,,,,,,1.3,,,,1e-08,6e-05,1e-08,,1e-08,,,,0.004,,,,5e-05,0.008,0.154,0.011,4e-05,0.0001,0.006,0.0002,0.013,,,,
Uva Itália crua,,,0.7,13.6,0.2,53,,,,,,,,,0.9,,,3e-06,1e-08,1e-08,1e-08,,3e-05,,,,0.0033,,,,0.00013,0.005,0.162,0.007,0.00011,1e-08,1e-08,0.0001,0.012,,,,
Uva Rubi crua,,,0.6,12.7,0.2,49,,,,,,,,,0.9,,,,2e-05,2e-05,1e-08,,1e-08,,,,0.0019,,,,7e-05,0.006,0.159,0.008,5e-05,1e-08,0.008,0.0002,0.023,,,,
Uva suco concentrado envasado,,,1e-05,14.7,1e-05,58,,,,,,,,,0.2,,,,7e-05,2e-05,1e-08,,5e-05,,,,0.021,,,,0.0002,0.007,0.054,0.009,0.00013,0.0001,0.01,0.0001,0.01,,,,
Azeite de dendê,,,,,100,884,43.1,0.14,40.1,16.6,0.83,15.69,,,,,,,,,,,,,,,,,,,,,,,,,,,,,,,
Azeite de oliva extra virgem,,,,,100,884,14.9,,75.5,9.5,0.75,8.74,,,,,,,,,,,,,,,,,,,,,,,,,,,,,,,
Manteiga com sal,,,0.4,0.1,82.4,726,49.2,3.3,20.4,1.2,0.27,0.89,,,,0.201,,0.000924,1e-08,1e-08,1e-08,,1e-08,,,,1e-08,,,,1e-08,0.001,0.015,0.009,1e-08,1e-08,0.579,0.0002,0.028,,,,
Manteiga sem sal,,,0.4,0,86,758,51.5,2.82,21.9,1.5,0.27,1.22,,,,0.214,,0.001013,1e-08,1e-08,1e-08,,1e-08,,,,1e-08,,,,1e-08,0.001,0.005,0.004,4e-05,1e-08,0.004,1e-08,0.007,,,,
Margarina com óleo hidrogenado com sal (65% de lipídeos),,,1e-05,0,67.4,596,14.9,9.99,18.2,21.4,1.74,19.48,,,,,,0.000462,1e-08,1e-08,1e-08,,1e-08,,,,1e-08,,,,1e-08,0.001,0.021,0.006,1e-08,1e-08,0.894,0.0001,0.007,,,,
Margarina com óleo hidrogenado sem sal (80% de lipídeos),,,1e-05,0,81.7,723,,,,,,,,,,,,0.000534,1e-08,1e-08,1e-08,,1e-08,,,,1e-08,,,,1e-08,0.001,0.002,0.003,1e-08,1e-08,0.078,0.0001,0.004,,,,
Margarina com óleo interesterificado com sal (65%de lipídeos),,,1e-05,0,67.2,594,21.9,0.33,15,27.6,2.64,24.85,,,,,,0.000385,1e-08,1e-08,1e-08,,1e-08,,,,1e-08,,,,1e-08,0.001,0.015,0.005,1e-08,1e-08,0.561,1e-08,0.006,,,,
Margarina com óleo interesterificado sem sal (65% de lipídeos),,,1e-05,0,67.1,593,20.9,0.32,14.4,26.5,2.58,23.79,,,,,,0.000245,1e-08,1e-08,1e-08,,1e-08,,,,1e-08,,,,1e-08,0.001,0.005,0.005,1e-08,1e-08,0.033,0.0001,0.007,,,,
Óleo de babaçu,,,,,100,884,50.9,0.19,18.6,30.2,2.86,27.17,,,,,,,,,,,,,,,,,,,,,,,,,,,,,,,
Óleo de canola,,,,,100,884,7.9,0.37,62.6,28.4,6.78,20.87,,,,,,,,,,,,,,,,,,,,,,,,,,,,,,,
Óleo de girassol,,,,,100,884,10.8,1.14,25.4,62.6,0.39,62.22,,,,,,,,,,,,,,,,,,,,,,,,,,,,,,,
Óleo de milho,,,,,100,884,15.2,0.48,33.4,50.9,0.96,49.94,,,,,,,,,,,,,,,,,,,,,,,,,,,,,,,
Óleo de pequi,,,,,100,884,39.9,,55.8,4.2,0.51,3.74,,,,,,,,,,,,,,,,,,,,,,,,,,,,,,,
Óleo de soja,,,,,100,884,15.2,0.5,23.3,60,5.72,53.85,,,,,,,,,,,,,,,,,,,,,,,,,,,,,,,
Filé de Abadejo congelado assado,,,23.5,0,1.2,112,0.6,1e-05,0.3,0.1,0.13002,0.02001,,,,0.103,,1e-11,1e-08,1e-08,0.00044,,1e-08,,,,,,,,1e-08,0.02,0.156,0.023,3e-05,0.0005,0.334,0.0005,0.338,,,,
Filé de Abadejo congelado cozido,,,19.3,0,0.9,91,0.4,,0.3,0.2,0.14001,0.03001,,,,0.087,,1e-11,1e-08,1e-08,1e-08,,1e-08,,,,,,,,1e-08,0.016,0.146,0.017,3e-05,0.0004,0.189,0.0003,0.351,,,,
Filé de Abadejo congelado cru,,,13.1,0,0.4,59,0.1,,1e-05,0.1,0.09001,0.01001,,,,0.031,,1e-11,4e-05,1e-08,0.0046,,1e-08,,,,,,,,1e-05,0.014,0.148,0.01,0.00014,0.0004,0.079,0.0001,0.091,,,,
Filé de Abadejo congelado grelhado,,,27.6,0,1.3,130,0.6,,0.3,0.6,0.54,0.02001,,,,0.136,,6e-06,3e-05,1e-08,0.00044,,1e-08,,,,,,,,1e-08,0.022,0.279,0.02,1e-08,0.0004,0.305,0.0003,0.581,,,,
Atum conserva em óleo,,,26.2,0,6,166,1,0.04,1.3,3.2,0.51,2.71,,,,0.053,,1e-11,0.00015,3e-05,0.00317,,1e-08,,,,,,,,1e-08,0.029,0.28,0.007,4e-05,0.0006,0.362,0.0012,0.211,,,,
Atum fresco cru,,,25.7,0,0.9,118,0.5,1e-05,0.2,1e-05,0.02001,0.01001,,,,0.048,,2e-05,1e-08,4e-05,0.00594,,1e-08,,,,,,,,1e-08,0.032,0.308,0.007,9e-05,0.0004,0.03,0.0013,0.254,,,,
Bacalhau salgado cru,,,29,0,1.3,136,0.6,1e-05,0.3,0.2,0.16,0.05,,,,0.139,,1e-11,1e-08,0.00021,,,1e-08,,,,,,,,3e-05,0.049,0.434,0.157,9e-05,0.0007,13.585,0.0009,0.186,,,,
Bacalhau salgado refogado,,,24,1.2,3.6,140,0.9,0.04,1.1,1.2,0.15,1.08001,,,,0.112,,1e-11,3e-05,5e-05,0.00517,,1e-08,,,,1e-08,,,,1e-08,0.015,0.05,0.059,4e-05,0.0006,1.256,0.0002,0.051,,,,
Cação posta com farinha de trigo frita,,,25,3.1,10,208,1.5,,2.2,5.2,0.57,4.64,,,0.5,0.075,,1.7e-05,1e-08,1e-08,0.00077,,1e-08,,,,,,,,6e-05,0.026,0.42,0.03,1e-08,0.0006,0.16,0.001,0.462,,,,
Cação posta cozida,,,25.6,0,0.7,116,0.2,,0.1,0.2,0.14,0.03001,,,,0.083,,1.2e-05,1e-08,4e-05,0.00977,,1e-08,,,,,,,,1e-08,0.021,0.249,0.01,3e-05,0.0006,0.115,0.0003,0.204,,,,
Cação posta crua,,,17.9,0,0.8,83,0.1,,0.1,0.2,0.14,0.02001,,,,0.036,,6e-06,4e-05,1e-08,0.00131,,1e-08,,,,,,,,4e-05,0.019,0.299,0.009,0.00013,0.0003,0.176,0.0002,0.181,,,,
Camarão Rio Grande grande cozido,,,19,0,1,90,0.4,0.01,0.2,0.2,0.18001,0.07,,,,0.241,,1e-11,1e-08,1e-08,0.00107,,1e-08,,,,,,,,6e-05,0.019,0.102,0.09,0.00017,0.0012,0.367,0.0013,0.266,,,,
Camarão Rio Grande grande cru,,,10,0,0.5,47,0.1,1e-05,0.1,0.2,0.09001,0.04,,,,0.124,,2e-05,1e-08,1e-08,1e-08,,1e-08,,,,,,,,4e-05,0.027,0.072,0.051,0.00011,0.0007,0.201,0.0007,0.234,,,,
Camarão Sete Barbas sem cabeça com casca frito,,,18.4,2.9,15.6,231,2.5,,3.6,8.8,1,7.81,,,,0.283,,1e-11,5e-05,1e-08,0.00035,,1e-08,,,,,,,,0.00038,0.074,0.107,0.96,0.00019,0.0011,0.099,0.0024,0.337,,,,
Caranguejo cozido,,,18.5,0,0.4,83,0.2,,0.2,1e-05,1e-05,0.03,,,,0.085,,1e-11,4e-05,0.00031,0.00417,,1e-08,,,,1e-08,,,,7e-05,0.052,0.186,0.357,0.00072,0.0057,0.36,0.0029,0.154,,,,
Corimba cru,,,17.4,0,6,128,2.5,0.04,2.3,0.3,0.2,0.12,,,,0.04,,1e-11,1e-08,1e-08,0.00187,,1e-08,,,,,,,,2e-05,0.023,0.317,0.04,3e-05,0.0004,0.047,0.0005,0.19,,,,
Corimbatá assado,,,19.9,0,19.6,261,4.8,,6.4,2.6,1.6,0.59,,,,0.08,,1e-11,0.00013,6e-05,0.0027,,1e-08,,,,,,,,1e-05,0.024,0.326,0.022,3e-05,0.0007,0.04,0.001,0.221,,,,
Corimbatá cozido,,,20.1,0,16.9,239,4.5,,6.5,2.3,1.71,0.37,,,,0.075,,1e-11,1e-08,1e-08,0.00209,,1e-08,,,,,,,,2e-05,0.023,0.254,0.065,5e-05,0.001,0.037,0.0006,0.185,,,,
Corvina de água doce crua,,,18.9,0,2.2,101,1.2,0.01,0.7,0.1,0.04002,0.06,,,,0.073,,8e-06,1e-08,8e-05,,,1e-08,,,,,,,,2e-05,0.025,0.293,0.039,2e-05,0.0004,0.045,0.0003,0.154,,,,
Corvina do mar crua,,,18.6,0,1.6,94,0.7,0.01,0.5,0.1,0.12,0.03,,,,0.067,,6.5e-05,0.00012,5e-05,0.00262,,1e-08,,,,,,,,1e-05,0.024,0.339,,3e-05,0.0004,0.068,0.0004,0.183,,,,
Corvina grande assada,,,26.8,0,3.6,147,1.5,0.02,1.2,0.3,0.14,0.07,,,,0.117,,1e-11,0.00011,0.0001,0.00423,,1e-08,,,,,,,,3e-05,0.024,0.291,0.06,2e-05,0.0007,0.085,0.0005,0.176,,,,
Corvina grande cozida,,,23.4,0,2.6,100,0.7,0.01,0.6,0.6,0.48,0.11,,,,0.123,,6e-06,1e-08,3e-05,0.00077,,1e-08,,,,,,,,2e-05,0.022,0.194,0.069,3e-05,0.0007,0.068,0.0006,0.164,,,,
Dourada de água doce fresca,,,18.8,0,5.6,131,3,0.02,1.4,0.4,0.09,0.2,,,,0.052,,1e-11,1e-08,1e-08,0.0037,,1e-08,,,,,,,,1e-05,0.026,0.393,0.012,2e-05,0.0005,0.04,0.0002,0.189,,,,
Lambari congelado cru,,,16.8,0,6.5,131,2,0.01,2.2,1.2,0.54,0.7,,,,0.159,,4e-06,5e-05,1e-08,0.0033,,1e-08,,,,,,,,0.00028,0.045,0.244,1.181,9e-05,0.0033,0.048,0.0009,0.696,,,,
Lambari congelado frito,,,28.4,0,22.8,327,5.5,0.1,7,8.1,1.12,6.77,,,,0.246,,9e-06,0.00025,3e-05,0.00893,,4e-05,,,,,,,,0.00034,0.066,0.331,1.881,0.00031,0.0056,0.065,0.0008,1.067,,,,
Lambari fresco cru,,,15.7,0,9.4,152,3.4,0.1,3.3,1.1,0.27,0.69,,,,0.144,,1e-11,1e-08,3e-05,0.00186,,7e-05,,,,,,,,0.00041,0.032,0.207,0.59,5e-05,0.0024,0.041,0.0006,0.441,,,,
Manjuba com farinha de trigo frita,,,23.5,10.2,22.6,344,5.5,0.04,5.4,10.4,2.61,7.62,,,0.4,0.282,,3e-05,5e-05,7e-05,0.00079,,1e-08,,,,,,,,0.00036,0.047,0.319,0.763,0.00015,0.0038,0.037,0.003,0.578,,,,
Manjuba frita,,,30.1,0,24.5,349,5.3,,6,11.7,2.49,9,,,,0.27,,1.2e-05,3e-05,3e-05,0.00727,,1e-08,,,,,,,,0.00021,0.032,0.318,0.575,0.00014,0.0032,0.041,0.0009,0.735,,,,
Filé de Merluza assado,,,26.6,0,0.9,122,0.2,,0.1,0.3,0.26001,0.04,,,,0.091,,1e-11,5e-05,1e-08,0.00797,,1e-08,,,,,,,,3e-05,0.02,0.364,0.036,3e-05,0.0009,0.12,0.0004,0.273,,,,
Filé de Merluza cru,,,16.6,0,2,89,0.9,,0.5,0.4,0.21,0.05,,,,0.057,,1e-11,1e-08,1e-08,0.00134,,1e-08,,,,,,,,1e-05,0.027,0.34,0.02,1e-08,0.0003,0.08,0.0002,0.185,,,,
Filé de Merluza frito,,,26.9,0,8.5,192,1.4,,2.1,4.3,1.15001,3.07,,,,0.109,,1e-11,5e-05,1e-08,0.00077,,1e-08,,,,,,,,2e-05,0.038,0.447,0.036,3e-05,0.0006,0.09,0.0004,0.279,,,,
Pescada branca crua,,,16.3,0,4.6,111,0.8,0.01,2.4,0.9,0.79,0.09,,,,0.051,,3e-06,1e-08,4e-05,0.0006,,1e-08,,,,,,,,1e-05,0.019,0.261,0.016,1e-08,0.0003,0.076,0.0002,0.136,,,,
Pescada branca frita,,,27.4,0,11.8,223,2.3,0.07,3.2,5.2,0.9,4.23,,,,0.165,,3.9e-05,8e-05,0.00011,0.00807,,1e-08,,,,,,,,6e-05,0.03,0.355,0.378,8e-05,0.0011,0.107,0.0005,0.504,,,,
Filé de Pescada com farinha de trigo frito,,,21.4,5,19.1,283,2.2,,4.4,9.1,1.59,6.68,,,1e-05,0.073,,1.8e-05,1e-08,3e-05,0.0006,,1e-08,,,,,,,,7e-05,0.028,0.216,0.026,3e-05,0.0004,0.091,0.0009,0.216,,,,
Filé de Pescada cru,,,16.7,0,4,107,0.9,0.01,2.3,0.3,0.27,0.05,,,,0.065,,4.8e-05,1e-08,5e-05,0.0031,,1e-08,,,,,,,,1e-05,0.023,0.253,0.014,1e-08,0.0003,0.077,0.0002,0.141,,,,
Filé de Pescada frito,,,28.6,0,3.6,154,1,0.03,1.1,1.2,0.22,0.89,,,,0.081,,4e-06,0.00014,1e-08,0.00887,,1e-08,,,,,,,,1e-08,0.021,0.249,0.01,3e-05,0.0006,0.115,0.0003,0.204,,,,
Filé de Pescada molho escabeche,,,11.8,5,8,142,1.3,,2.9,4.3,0.56,3.75,,,0.8,0.043,,1.9e-05,1e-08,3e-05,0.0011,,1e-08,,,,0.0069,,,,8e-05,0.018,0.208,0.02,0.00036,0.0003,0.051,0.0015,0.105,,,,
Pescadinha crua,,,15.5,0,1.1,76,0.3,,0.2,0.4,0.34,0.02,,,,0.084,,1e-11,8e-05,1e-08,0.0066,,1e-08,,,,,,,,7e-05,0.034,0.304,0.332,0.0001,0.0006,0.12,0.0005,0.327,,,,
Pintado assado,,,36.5,0,4,192,1.8,0.01001,1.3,0.3,0.09,0.16,,,,0.126,,7e-06,3e-05,1e-08,0.00663,,1e-08,,,,,,,,8e-05,0.042,0.527,0.114,4e-05,0.0021,0.081,0.0008,0.332,,,,
Pintado cru,,,18.6,0,1.3,91,0.6,1e-05,0.4,0.1,0.05,0.03,,,,0.05,,1e-11,1e-08,1e-08,0.00495,,1e-08,,,,,,,,1e-05,0.024,0.294,0.012,3e-05,0.0004,0.043,0.0002,0.174,,,,
Pintado grelhado,,,30.8,0,2.3,152,1.1,2e-05,0.7,0.2,0.03002,0.11,,,,0.099,,5e-06,3e-05,1e-08,0.00287,,1e-08,,,,,,,,3e-05,0.027,0.36,0.069,4e-05,0.0008,0.053,0.0005,0.237,,,,
Porquinho cru,,,20.5,0,0.6,93,0.4,1e-05,0.1,1e-05,3e-05,0.02001,,,,0.049,,5e-06,1e-08,1e-08,0.00119,,1e-08,,,,,,,,5e-05,0.024,0.313,0.026,4e-05,0.0007,0.067,0.0004,0.207,,,,
Filé de Salmão com pele fresco grelhado,,,23.9,0,14,229,3.1,,4.4,7,3.42,3.08,,,,0.085,,1e-11,0.00013,6e-05,0.00535,,1e-08,,,,,,,,2e-05,0.028,0.384,0.029,4e-05,0.0006,0.085,0.0005,0.3,,,,
Salmão sem pele fresco cru,,,19.3,0,9.7,170,2.5,,2.9,3.1,1.14,1.77,,,,0.053,,1e-11,0.0002,3e-05,0.00321,,1e-08,,,,,,,,1e-08,0.027,0.376,0.009,2e-05,0.0003,0.064,0.0002,0.259,,,,
Salmão sem pele fresco grelhado,,,26.1,0,14.5,243,3.6,0.02,4.1,5,2.16,2.5,,,,0.073,,1e-11,0.00023,3e-05,0.0063,,1e-08,,,,,,,,1e-05,0.038,0.518,0.015,4e-05,0.0005,0.096,0.0004,0.352,,,,
Sardinha assada,,,32.2,0,3,164,1.7,,0.5,0.3,0.25001,0.06,,,,0.109,,1e-11,6e-05,1e-08,0.00583,,1e-08,,,,,,,,0.00024,0.051,0.574,0.438,0.00014,0.0018,0.074,0.0013,0.578,,,,
Sardinha conserva em óleo,,,15.9,0,24,285,4.1,0.07,5.5,11.9,1.95,9.87,,,,0.073,,1e-11,0.00042,4e-05,0.00655,,1e-08,,,,,,,,0.00011,0.035,0.367,0.55,3e-05,0.0016,0.666,0.0035,0.496,,,,
Sardinha frita,,,33.4,0,12.7,257,2.6,0.09,3.1,6.1,0.89,5.16,,,,0.103,,1e-11,6e-05,1e-08,0.0071,,1e-08,,,,,,,,0.00025,0.039,0.46,0.482,0.00014,0.0016,0.06,0.0011,0.629,,,,
Sardinha inteira crua,,,21.1,0,2.7,114,1.7,1e-05,0.5,0.2,0.11001,0.04,,,,0.061,,1e-11,1e-08,7e-05,0.0077,,1e-08,,,,,,,,0.0001,0.029,0.312,0.167,0.00013,0.0013,0.06,0.0013,0.294,,,,
Filé de Tucunaré congelado cru,,,18,0,1.2,88,0.6,0.01001,0.4,0.4,0.16,0.19,,,,0.047,,1e-11,1e-08,5e-05,0.0009,,1e-08,,,,,,,,1e-05,0.026,0.288,0.019,0.0001,0.0004,0.057,0.0003,0.168,,,,
Apresuntado,,,13.5,2.9,6.7,129,1.9,,2.6,1.1,0.04,1,,,,0.038,,1e-11,0.00062,4e-05,0.0007,,1e-08,,,,1e-08,,,,4e-05,0.015,0.27,0.023,3e-05,0.0016,0.943,0.0009,0.225,,,,
Caldo de carne tablete,,,7.8,15.1,16.6,241,7.8,5.42,2.5,0.1,,0.13,,,0.6,1e-08,,1e-11,0.0007,7e-05,1e-08,,0.00027,,,,,,,,2e-05,0.022,0.218,0.129,1e-08,1e-08,22.18,1e-08,0.123,,,,
Caldo de galinha tablete,,,6.3,10.6,20.4,251,9.4,6.3,3.2,0.2,,0.25,,,11.8,0.002,,1e-11,5e-05,4e-05,,,1e-08,,,,,,,,0.00013,0.013,0.068,0.016,1e-08,0.0003,22.3,0.0007,0.048,,,,
Acém bovino moído cozido,,,26.7,0,10.9,212,4.8,0.24,4.6,0.3,0.02,0.24,,,,0.103,,1e-11,1e-08,0.00032,0.00176,,1e-08,,,,,,,,1e-05,0.017,0.256,0.004,6e-05,0.0081,0.052,0.0027,0.164,,,,
Acém bovino moído cru,,,19.4,0,5.9,137,2.7,0.1,2.4,0.1,0.01,0.13,,,,0.058,,2e-06,0.00015,0.00021,0.00433,,3e-05,,,,,,,,1e-08,0.014,0.237,0.003,8e-05,0.0063,0.049,0.0018,0.158,,,,
Acém bovino sem gordura cozido,,,27.3,0,10.9,215,5.5,0.3,3.7,0.3,0.03,0.23,,,,0.107,,1e-11,1e-08,4e-05,0.00163,,7e-05,,,,,,,,1e-08,0.014,0.254,0.007,7e-05,0.008,0.056,0.0024,0.164,,,,
Acém bovino sem gordura cru,,,20.8,0,6.1,144,2.8,0.19,2.3,0.2,0.03,0.16,,,,0.053,,2e-06,0.00012,0.00012,0.00233,,1e-08,,,,,,,,1e-08,0.013,0.234,0.005,4e-05,0.0052,0.05,0.0015,0.144,,,,
Almôndegas bovinas cruas,,,12.3,9.8,11.2,189,3.9,0.36,3.5,0.9,0.09,0.83,,,,0.034,,1e-11,0.00011,4e-05,0.0022,,1e-08,,,,,,,,0.00017,0.024,0.328,0.022,0.00015,0.0023,0.621,0.0016,0.145,,,,
Almôndegas bovinas fritas,,,18.2,14.3,15.8,272,4.2,0.22,5,5.5,0.52,4.92,,,,0.036,,1e-11,0.00013,7e-05,0.0066,,1e-08,,,,,,,,0.00041,0.048,0.536,0.027,0.00019,0.0026,1.03,0.0019,0.244,,,,
Bucho bovino cozido,,,21.6,0,4.5,133,2.4,0.14,1.4,0.1,0.01,0.08,,,,0.245,,1e-11,1e-08,1e-08,0.00218,,1e-08,,,,,,,,1e-05,0.007,0.07,0.013,5e-05,0.0025,0.038,0.0006,0.063,,,,
Bucho bovino cru,,,20.5,0,5.5,137,3.3,0.08,1.4,0.1,0.01,0.1,,,,0.145,,1e-11,1e-08,1e-08,0.00213,,1e-08,,,,,,,,1e-05,0.006,0.085,0.009,6e-05,0.0021,0.045,0.0005,0.061,,,,
Capa de contra-filé bovino com gordura crua,,,19.2,0,15,217,6.9,0.31,6.2,0.1,,0.15,,,,0.063,,4e-06,9e-05,9e-05,0.00155,,0.00012,,,,,,,,1e-05,0.017,0.267,0.006,6e-05,0.0035,0.058,0.0015,0.144,,,,
Capa de contra-filé bovino com gordura grelhada,,,30.7,0,20,312,8.8,0.3,8.7,0.3,0.02,0.26,,,,0.12,,1e-11,1e-08,6e-05,0.00174,,1e-08,,,,,,,,1e-08,0.018,0.323,0.007,0.00013,0.0062,0.081,0.0026,0.214,,,,
Capa de contra-filé bovino sem gordura crua,,,21.5,0,4.3,131,1.9,0.06001,1.9,0.1,1e-05,0.08,,,,0.058,,1e-11,1e-08,4e-05,0.00181,,1e-08,,,,,,,,1e-08,0.02,0.325,0.006,6e-05,0.0046,0.079,0.002,0.178,,,,
Capa de contra-filé bovino sem gordura grelhada,,,35.1,0,10,239,4.3,0.15,4.3,0.2,0.04,0.2,,,,0.08,,1e-11,3e-05,8e-05,0.00186,,1e-08,,,,,,,,1e-05,0.026,0.385,0.009,0.00012,0.0076,0.083,0.0028,0.287,,,,
Charque bovino cozido,,,36.4,0,11.9,263,4.8,0.4,5.4,0.4,0.11,0.25,,,,0.113,,1e-11,5e-05,7e-05,0.0015,,1e-08,,,,,,,,2e-05,0.013,0.09,0.015,7e-05,0.0061,1.443,0.0035,0.101,,,,
Charque bovino cru,,,22.7,0,16.8,249,8.7,0.8,6.6,0.2,,0.16,,,,0.081,,1e-11,0.00012,7e-05,0.00163,,1e-08,,,,,,,,1e-08,0.013,0.236,0.015,3e-05,0.0039,5.875,0.0015,0.122,,,,
Contra-filé bovino à milanesa,,,20.6,12.2,24,352,7.2,0.36,8.1,6.9,0.63,6.27,,,0.4,0.099,,1.5e-05,7e-05,4e-05,0.00302,,1e-08,,,,,,,,0.00027,0.027,0.271,0.015,0.0001,0.0029,0.077,0.0029,0.203,,,,
Contra-filé de costela bovino cru,,,19.8,0,13.1,202,6.7,0.25,4.6,0.1,,0.13,,,,0.052,,3e-06,0.00014,8e-05,0.00268,,1e-08,,,,,,,,1e-08,0.014,0.245,0.003,4e-05,0.0044,0.039,0.0016,0.164,,,,
Contra-filé de costela bovino grelhado,,,29.9,0,16.3,275,8.8,0.25,5.6,0.2,0.03,0.19,,,,0.098,,1e-11,1e-08,0.00019,0.00275,,0.00017,,,,,,,,1e-05,0.024,0.383,0.004,8e-05,0.0067,0.051,0.0028,0.252,,,,
Contra-filé bovino com gordura cru,,,21.2,0,12.8,206,5.6,0.19,5.5,0.2,0.05,0.17,,,,0.073,,4e-06,0.00011,8e-05,0.00379,,3e-05,,,,,,,,1e-05,0.018,0.285,0.004,4e-05,0.0028,0.044,0.0013,0.164,,,,
Contra-filé bovino com gordura grelhado,,,32.4,0,15.5,278,7.4,0.2,6.3,0.2,0.03,0.15,,,,0.144,,1e-11,1e-08,0.00018,0.00491,,0.00013,,,,,,,,1e-08,0.019,0.352,0.004,9e-05,0.0048,0.057,0.0024,0.219,,,,
Contra-filé bovino sem gordura cru,,,24,0,6,157,2.7,0.09,2.6,0.1,0.01,0.11,,,,0.059,,1e-11,1e-08,0.0002,0.00464,,1e-08,,,,,,,,1e-08,0.021,0.335,0.004,5e-05,0.0032,0.053,0.0017,0.184,,,,
Contra-filé bovino sem gordura grelhado,,,35.9,0,4.5,194,2,0.04,1.9,0.1,0.01,0.08,,,,0.102,,1e-11,1e-08,0.00017,0.00493,,0.00016,,,,,,,,1e-08,0.021,0.386,0.005,9e-05,0.0051,0.058,0.0024,0.241,,,,
Costela bovino assada,,,28.8,0,27.7,373,11.8,0.86,12.1,0.3,0.15,0.16,,,,0.095,,1e-11,1e-08,8e-05,0.00056,,0.00035,,,,,,,,1e-08,0.02,0.27,0.028,8e-05,0.0055,0.092,0.0022,0.179,,,,
Costela bovino crua,,,16.7,0,31.8,358,14.9,0.91,12.7,0.3,0.12,0.15,,,,0.044,,5e-06,0.00012,0.00011,0.00599,,1e-08,,,,,,,,1e-08,0.012,0.151,,1e-08,0.0027,0.07,0.0012,0.13,,,,
Coxão duro bovino sem gordura cozido,,,31.9,0,8.9,217,3.5,0.24,4.1,0.2,0.02,0.13,,,,0.071,,2e-06,1e-08,1e-08,0.00326,,1e-08,,,,,,,,1e-08,0.014,0.252,0.004,7e-05,0.005,0.041,0.0017,0.189,,,,
Coxão duro bovino sem gordura cru,,,21.5,0,6.2,148,2.9,0.14,2.4,0.1,0.01,0.06,,,,0.06,,2e-06,0.00012,0.0002,0.00438,,1e-08,,,,,,,,1e-08,0.021,0.358,0.003,5e-05,0.0028,0.049,0.0019,0.189,,,,
Coxão mole bovino sem gordura cozido,,,32.4,0,8.9,219,4.3,0.2,3.4,0.2,0.01,0.16,,,,0.084,,2e-06,1e-08,1e-08,0.00409,,1e-08,,,,,,,,1e-08,0.013,0.239,0.004,0.00011,0.0047,0.044,0.0026,0.183,,,,
Coxão mole bovino sem gordura cru,,,21.2,0,8.7,169,3.9,0.14,3.7,0.1,0.01,0.09,,,,0.084,,3e-06,0.00012,0.00019,0.00232,,1e-08,,,,,,,,1e-08,0.021,0.335,0.003,5e-05,0.0026,0.061,0.0019,0.175,,,,
Cupim bovino assado,,,28.6,0,23,330,5.5,0.23,5.4,0.2,0.03,0.18,,,,0.091,,1e-11,1e-08,8e-05,0.00216,,0.00014,,,,,,,,1e-08,0.018,0.321,0.008,8e-05,0.0053,0.072,0.0027,0.212,,,,
Cupim bovino cru,,,19.5,0,15.3,221,6.8,0.33,6.4,0.2,0.06,0.15,,,,0.051,,3e-06,0.00011,5e-05,0.00333,,3e-05,,,,,,,,1e-08,0.013,0.151,0.004,3e-05,0.0024,0.047,0.0011,0.22,,,,
Fígado bovino cru,,,20.7,1.1,5.4,141,2.8,0.21,1.5,0.1,2e-05,0.05001,,,,0.393,,0.007937,0.00014,0.0009,0.01066,,1e-08,,,,,,,,0.00026,0.012,0.265,0.004,0.00901,0.0035,0.076,0.0056,0.334,,,,
Fígado bovino grelhado,,,29.9,4.2,9,225,4.7,0.11,2.2,1.1,0.37,0.68,,,,0.601,,0.014574,0.00021,0.00269,0.01192,,1e-08,,,,,,,,0.00022,0.01,0.309,0.006,0.01258,0.004,0.082,0.0058,0.42,,,,
Filé mingnon bovino sem gordura cru,,,21.6,0,5.6,143,2.9,0.11,1.9,0.2,0.03,0.14,,,,0.055,,4e-06,0.00012,0.0001,0.00178,,4e-05,,,,,,,,1e-05,0.021,0.322,0.003,8e-05,0.0028,0.049,0.0019,0.193,,,,
Filé mingnon bovino sem gordura grelhado,,,32.8,0,8.8,220,4.5,0.16,3.1,0.2,0.02,0.18,,,,0.103,,1e-11,3e-05,8e-05,0.00427,,5e-05,,,,,,,,2e-05,0.028,0.326,0.004,0.00014,0.0041,0.058,0.0029,0.308,,,,
Flanco bovino sem gordura cozido,,,29.4,0,7.8,196,3.9,0.16,2.8,0.1,0.01,0.08,,,,0.062,,2e-06,1e-08,1e-08,0.00232,,1e-08,,,,,,,,1e-08,0.014,0.249,0.004,7e-05,0.0056,0.042,0.0028,0.181,,,,
Flanco bovino sem gordura cru,,,20,0,6.2,141,3.1,0.13,2.3,0.1,0.01,0.08,,,,0.05,,2e-06,0.00011,0.00016,0.00328,,1e-08,,,,,,,,1e-08,0.018,0.324,0.003,5e-05,0.0045,0.054,0.0016,0.167,,,,
Fraldinha bovino com gordura cozida,,,24.2,0,26,338,12.1,0.55,10.4,0.5,0.12,0.34,,,,0.065,,1e-11,1e-08,5e-05,0.00161,,7e-05,,,,,,,,1e-08,0.014,0.207,0.003,7e-05,0.0065,0.039,0.002,0.161,,,,
Fraldinha bovino com gordura crua,,,17.6,0,16.1,221,7.3,0.43,6.5,0.3,0.09,0.17,,,,0.054,,5e-06,8e-05,7e-05,0.00356,,3e-05,,,,,,,,0,0.016,0.274,0.003,4e-05,0.0042,0.051,0.0015,0.131,,,,
Lagarto bovino cozido,,,32.9,0,9.1,222,3.9,0.22,4,0.2,0.02,0.13,,,,0.056,,3e-06,1e-08,1e-08,0.00255,,1e-08,,,,,,,,1e-08,0.013,0.254,0.004,5e-05,0.007,0.048,0.0019,0.167,,,,
Lagarto bovino cru,,,20.5,0,5.2,135,2.3,0.08001,2.3,0.1,0.01,0.06001,,,,0.056,,2e-06,0.0001,0.00014,0.00219,,3e-05,,,,,,,,1e-08,0.02,0.362,0.003,5e-05,0.0024,0.054,0.0013,0.185,,,,
Língua bovino cozida,,,21.4,0,24.8,315,11.2,0.43,10.3,0.5,0.09,0.45,,,,0.105,,1e-11,1e-08,8e-05,0.00183,,1e-08,,,,,,,,1e-05,0.012,0.175,0.006,8e-05,0.0041,0.059,0.0021,0.136,,,,
Língua bovino crua,,,17.1,0,15.8,215,6.8,0.3,6.8,0.3,0.05,0.27,,,,0.118,,1e-11,5e-05,4e-05,0.00118,,1e-08,,,,,,,,2e-05,0.015,0.251,0.005,9e-05,0.0029,0.073,0.0017,0.164,,,,
Maminha bovino crua,,,20.9,0,7,153,3.1,0.09,3.1,0.1,0.01,0.1,,,,0.051,,3e-06,0.00012,8e-05,0.00427,,3e-05,,,,,,,,1e-08,0.016,0.274,0.003,3e-05,0.0035,0.037,0.0011,0.181,,,,
Maminha bovino grelhada,,,30.7,0,2.4,153,9.7,0.48,7.7,0.2,0.04,0.21,,,,0.088,,1e-11,1e-08,4e-05,0.00146,,0.00013,,,,,,,,1e-08,0.021,0.386,0.004,8e-05,0.0056,0.058,0.0024,0.237,,,,
Miolo de alcatra bovino sem gordura cru,,,21.6,0,7.8,163,3.4,0.17,3.3,0.1,0.05,0.03,,,,0.06,,4e-06,0.00012,7e-05,0.00359,,1e-08,,,,,,,,1e-05,0.02,0.299,0.003,6e-05,0.003,0.043,0.002,0.165,,,,
Miolo de alcatra bovino sem gordura grelhado,,,31.9,0,11.6,241,5.1,0.22,4.9,0.3,0.05,0.2,,,,0.092,,1e-11,3e-05,5e-05,0.00466,,5e-05,,,,,,,,2e-05,0.026,0.385,0.005,0.00011,0.0048,0.052,0.0032,0.279,,,,
Músculo bovino sem gordura cozido,,,31.2,0,6.7,194,2.9,0.18,2.8,0.1,0.03,0.1,,,,0.056,,2e-06,1e-08,1e-08,0.00197,,1e-08,,,,,,,,1e-08,0.013,0.253,0.005,8e-05,0.0064,0.062,0.0024,0.176,,,,
Músculo bovino sem gordura cru,,,21.6,0,5.5,142,2.2,0.1,2.6,0.1,0.01,0.08,,,,0.051,,2e-06,9e-05,0.00019,0.00279,,4e-05,,,,,,,,1e-08,0.017,0.296,0.004,5e-05,0.0037,0.066,0.0019,0.162,,,,
Paleta bovino com gordura crua,,,21.4,0,7.5,159,3.5,0.21,2.9,0.2,0.01,0.13,,,,0.058,,1e-11,1e-08,4e-05,0.00091,,,,,,,,,,1e-08,0.014,0.25,0.004,8e-05,0.0037,0.065,0.0018,0.158,,,,
Paleta bovino sem gordura cozida,,,29.7,0,7.4,194,3.4,0.16,3,0.2,0.01,0.17,,,,0.056,,1e-11,3e-05,4e-05,0.00216,,1e-08,,,,,,,,1e-08,0.018,0.25,0.006,0.0001,0.0068,0.058,0.0022,0.197,,,,
Paleta bovino sem gordura crua,,,21,0,5.7,141,2.7,0.18,2.1,0.1,,0.12,,,,0.042,,3e-06,0.00013,0.00021,0.00267,,1e-08,,,,,,,,1e-08,0.018,0.319,0.004,5e-05,0.0033,0.066,0.0019,0.163,,,,
Patinho bovino sem gordura cru,,,21.7,0,4.5,133,2,0.08,1.9,0.2,0.02,0.13,,,,0.056,,2e-06,0.00011,8e-05,0.00361,,1e-08,,,,,,,,1e-05,0.02,0.318,0.003,5e-05,0.0045,0.049,0.0018,0.17,,,,
Patinho bovino sem gordura grelhado,,,35.9,0,7.3,219,3.1,0.12,3.1,0.3,0.07,0.22,,,,0.126,,1e-11,4e-05,3e-05,0.00301,,1e-08,,,,,,,,2e-05,0.027,0.421,0.005,0.00012,0.0081,0.06,0.003,0.289,,,,
Peito bovino sem gordura cozido,,,22.2,0,27,338,11.7,0.72,11.5,0.4,0.1,0.34,,,,0.1,,1e-11,1e-08,0.0003,0.00454,,1e-08,,,,,,,,1e-08,0.014,0.204,0.004,5e-05,0.0039,0.056,0.0016,0.136,,,,
Peito bovino sem gordura cru,,,17.6,0,20.4,259,8.2,0.58,9.2,0.5,0.15,0.28,,,,0.059,,4e-06,0.00011,7e-05,0.00391,,3e-05,,,,,,,,1e-08,0.015,0.241,0.004,6e-05,0.0026,0.064,0.0013,0.124,,,,
Picanha bovino com gordura crua,,,18.8,0,14.7,213,6.1,0.25,6.7,0.3,0.05,0.25,,,,0.06,,3e-06,0.00013,0.00016,0.00477,,1e-08,,,,,,,,1e-08,0.014,0.232,0.002,6e-05,0.0038,0.038,0.0017,0.165,,,,
Picanha bovino com gordura grelhada,,,26.4,0,19.5,289,7.9,0.27,9.2,0.4,0.09,0.3,,,,0.092,,1e-11,3e-05,6e-05,0.0016,,0.00013,,,,,,,,1e-08,0.024,0.355,0.004,0.00014,0.0055,0.06,0.0032,0.246,,,,
Picanha bovino sem gordura crua,,,21.3,0,4.7,134,2,0.04001,2.1,0.1,1e-05,0.09,,,,0.075,,1e-11,1e-08,5e-05,0.00189,,1e-08,,,,,,,,1e-08,0.02,0.322,0.003,8e-05,0.0042,0.061,0.0021,0.183,,,,
Picanha bovino sem gordura grelhada,,,31.9,0,11.3,238,4.5,0.13,5.2,0.3,,0.26,,,,0.1,,1e-11,1e-08,8e-05,0.00182,,3e-05,,,,,,,,2e-05,0.025,0.377,0.004,0.00017,0.0067,0.061,0.0036,0.282,,,,
Seca bovino cozida,,,26.9,0,21.9,313,10.5,0.93,8.3,0.4,0.13,0.29,,,,0.1,,1e-11,1e-08,6e-05,0.00232,,1e-08,,,,,,,,2e-05,0.012,0.086,0.013,3e-05,0.0077,1.943,0.0019,0.082,,,,
Seca bovino crua,,,19.7,0,25.4,313,8.7,0.66,7.5,0.3,0.15,0.21,,,,0.092,,1e-11,1e-08,7e-05,0.00283,,1e-08,,,,,,,,1e-05,0.012,0.19,0.014,1e-08,0.0037,4.44,0.0013,0.1,,,,
Coxinha de frango frita,,,9.6,34.5,11.8,283,2.6,0.58,3.4,4.7,0.32,4.34,,,5,0.015,,1e-11,9e-05,1e-08,0.0026,,1e-08,,,,1e-08,,,,0.00028,0.017,0.166,0.018,9e-05,0.0005,0.532,0.0013,0.093,,,,
Croquete de carne cru,,,12,13.9,15.6,246,,,,,,,,,,0.03,,1e-11,0.00011,4e-05,0.00195,,1e-08,,,,1e-08,,,,0.00034,0.024,0.221,0.015,0.0001,0.0027,0.711,0.0025,0.144,,,,
Croquete de carne frito,,,16.9,18.1,22.7,347,5.1,0.27,7.4,11.5,1.04,10.47,,,,0.038,,1e-11,0.00014,4e-05,0.00477,,1e-08,,,,1e-08,,,,0.00039,0.03,0.313,0.018,9e-05,0.0033,0.916,0.0023,0.176,,,,
Empada de frango pré-cozida assada,,,6.9,47.5,15.6,358,,,,,,,,,2.2,0.023,,1e-11,0.00012,1e-08,1e-08,,1e-08,,,,,,,,0.00032,0.018,0.138,0.016,7e-05,0.0006,0.525,0.0012,0.078,,,,
Empada de frango pré-cozida,,,7.3,35.5,22.9,377,5.4,7.17,5.2,1.4,0.07,1.22,,,2.2,0.023,,1e-11,0.00011,1e-08,1e-08,,3e-05,,,,,,,,0.00025,0.017,0.156,0.014,9e-05,0.0005,0.771,0.0007,0.078,,,,
Asa de Frango com pele crua,,,18.1,0,15.1,213,4.4,0.04,6.6,3,0.01,3.02,,,,0.113,,1e-05,0.00011,4e-05,0.00258,,1e-08,,,,,,,,1e-05,0.023,0.211,0.011,2e-05,0.0012,0.096,0.0006,0.155,,,,
Frango caipira inteiro com pele cozido,,,23.9,0,15.6,243,4.4,0.04,7.5,2.3,0.09002,2.18001,,,,0.11,,1.6e-05,3e-05,1e-08,0.00633,,1e-08,,,,,,,,1e-05,0.018,0.21,0.017,8e-05,0.0017,0.056,0.0017,0.162,,,,
Frango caipira inteiro sem pele cozido,,,29.6,0,7.7,196,2.2,0.01,3.4,1.2,0.04002,1.16001,,,,0.106,,6e-06,3e-05,3e-05,0.0092,,1e-08,,,,,,,,2e-05,0.023,0.224,0.066,0.00015,0.0027,0.053,0.0021,0.21,,,,
Coração de Frango cru,,,12.6,0,18.6,222,4.9,0.09,6.3,3.4,0.13,3.24,,,,0.159,,9e-06,0.00023,0.00035,0.00339,,1e-08,,,,,,,,5e-05,0.02,0.22,0.006,0.0002,0.002,0.095,0.0041,0.193,,,,
Coração de Frango grelhado,,,22.4,0.6,12.1,207,3.5,0.1,4.3,1.6,0.05,1.49,,,,0.28,,1e-11,0.0002,0.00019,0.0097,,1e-08,,,,,,,,6e-05,0.02,0.243,0.008,0.0003,0.0034,0.128,0.0065,0.276,,,,
Coxa de Frango com pele assada,,,28.5,0.1,10.4,215,3.1,0.14,3.8,2.2,0.09001,2.11001,,,,0.145,,6e-06,5e-05,5e-05,0.0104,,1e-08,,,,,,,,1e-08,0.014,0.318,0.008,5e-05,0.0026,0.095,0.0012,0.251,,,,
Coxa de Frango com pele crua,,,17.1,0,9.8,161,3,0.04,4.1,2.2,0.09,2.05,,,,0.097,,1e-05,0.00016,5e-05,0.00204,,1e-08,,,,,,,,2e-05,0.026,0.275,0.008,3e-05,0.002,0.095,0.0007,0.185,,,,
Coxa de Frango sem pele cozida,,,26.9,0,5.8,167,2,,2.1,1.1,0.05001,1.10001,,,,0.133,,1e-11,7e-05,1e-08,0.0082,,1e-08,,,,,,,,1e-08,0.011,0.191,0.012,3e-05,0.0028,0.064,0.0008,0.187,,,,
Coxa de Frango sem pele crua,,,17.8,0,4.9,120,1.6,0.01,2.1,0.8,0.02,0.83,,,,0.091,,1.2e-05,0.00017,5e-05,0.00353,,1e-08,,,,,,,,2e-05,0.027,0.291,0.008,3e-05,0.0022,0.098,0.0008,0.196,,,,
Fígado de Frango cru,,,17.6,0,3.5,106,1.3,0.01,0.7,0.6,0.06,0.51,,,,0.341,,0.003863,0.00062,0.00056,0.00636,,1e-08,,,,,,,,0.00035,0.028,0.281,0.006,0.00026,0.0037,0.082,0.0095,0.344,,,,
Filé de Frango à milanesa,,,28.5,7.5,7.8,221,1.6,0.04,2.4,3.3,0.25,3.05,,,1.1,0.084,,7e-06,5e-05,4e-05,0.01107,,0.00052,,,,,,,,6e-05,0.035,0.408,0.009,5e-05,0.0008,0.122,0.0011,0.249,,,,
Frango inteiro com pele cru,,,16.4,0,17.3,226,5.2,0.07,7.2,3.9,0.2,3.64,,,,0.085,,7e-06,8e-05,3e-05,0.00328,,1e-08,,,,,,,,1e-05,0.024,0.217,0.006,4e-05,0.0011,0.063,0.0006,0.174,,,,
Frango inteiro sem pele assado,,,28,0,7.5,187,2.1,0.12,2.6,1.8,0.09001,1.73001,,,,0.111,,1e-11,9e-05,1e-08,0.0112,,1e-08,,,,,,,,1e-08,0.014,0.283,0.009,3e-05,0.0016,0.07,0.0006,0.233,,,,
Frango inteiro sem pele cozido,,,25,0,7.1,170,2.2,0.11,2.5,1.5,0.07001,1.42001,,,,0.099,,1e-11,0.0001,1e-08,0.01283,,1e-08,,,,,,,,1e-08,0.012,0.217,0.008,4e-05,0.0012,0.051,0.0005,0.194,,,,
Frango inteiro sem pele cru,,,20.6,0,4.6,129,1.4,0.01,1.9,1,0.04,0.97,,,,0.078,,4e-06,0.00012,3e-05,0.00328,,1e-08,,,,,,,,1e-05,0.027,0.238,0.007,3e-05,0.0012,0.073,0.0005,0.19,,,,
Peito de Frango com pele assado,,,33.4,0,7.6,212,2.2,0.12,2.7,1.8,0.10002,1.70001,,,,0.109,,6e-06,0.00012,1e-08,0.0158,,1e-08,,,,,,,,1e-05,0.018,0.38,0.008,1e-05,0.001,0.056,0.0005,0.297,,,,
Peito de Frango com pele cru,,,20.8,0,6.7,149,2.2,0.03,3.2,0.9,0.03,0.83,,,,0.08,,4e-06,9e-05,1e-08,0.00258,,1e-08,,,,,,,,1e-05,0.028,0.252,0.008,5e-05,0.0006,0.062,0.0004,0.213,,,,
Peito de Frango sem pele cozido,,,31.5,0,3.2,163,1.1,0.05,1.1,0.6,0.02001,0.53001,,,,0.089,,1e-11,0.0001,1e-08,0.0076,,1e-08,,,,,,,,1e-08,0.014,0.231,0.006,2e-05,0.0009,0.036,0.0003,0.224,,,,
Peito de Frango sem pele cru,,,21.5,0,3,119,1.1,0.01,1.3,1e-05,0.01,0.02001,,,,0.059,,2e-06,0.0001,1e-08,0.00586,,1e-08,,,,,,,,1e-05,0.031,0.267,0.007,3e-05,0.0007,0.056,0.0004,0.222,,,,
Peito de Frango sem pele grelhado,,,32,0,2.5,159,0.9,0.04001,0.9,0.3,0.01001,0.31001,,,,0.089,,1e-11,0.00011,1e-08,0.02483,,1e-08,,,,,,,,1e-08,0.018,0.387,0.005,2e-05,0.0008,0.05,0.0003,0.295,,,,
Sobrecoxa de Frango com pele assada,,,28.7,0,15.2,260,4.2,0.23,5.4,3.9,0.21001,3.64001,,,,0.158,,8e-06,0.0001,5e-05,0.0112,,1e-08,,,,,,,,1e-08,0.015,0.323,0.011,6e-05,0.0022,0.096,0.0012,0.252,,,,
Sobrecoxa de Frango com pele crua,,,15.5,0,20.9,255,6.5,0.06,9.6,3.6,0.12,3.49,,,,0.088,,7e-06,9e-05,6e-05,0.0034,,1e-08,,,,,,,,1e-05,0.022,0.19,0.007,5e-05,0.0013,0.068,0.0007,0.154,,,,
Sobrecoxa de Frango sem pele assada,,,29.2,0,12,233,3.3,0.18,4.2,3.1,0.17001,2.86001,,,,0.145,,1.1e-05,0.0001,5e-05,0.0102,,1e-08,,,,,,,,1e-08,0.017,0.382,0.012,7e-05,0.0022,0.106,0.0012,0.281,,,,
Sobrecoxa de Frango sem pele crua,,,17.6,0,9.6,162,3,0.03,4.5,1.6,0.04,1.5,,,,0.084,,4e-06,0.00012,6e-05,0.00406,,1e-08,,,,,,,,2e-05,0.026,0.241,0.006,6e-05,0.0017,0.08,0.0009,0.187,,,,
Hambúrguer bovino cru,,,13.2,4.2,16.2,215,5.7,1,5.8,0.8,0.09,0.71,,,,0.07,,1e-11,6e-05,8e-05,0.00353,,4e-05,,,,,,,,0.00036,0.025,0.383,0.034,0.00016,0.0017,0.869,0.0019,0.141,,,,
Hambúrguer bovino frito,,,20,6.3,17,258,5.9,0.44,6,3.7,0.31,3.31,,,,0.049,,1e-11,0.00013,6e-05,0.00273,,1e-08,,,,,,,,0.00052,0.06,0.66,0.062,0.00017,0.0032,1.252,0.003,0.324,,,,
Hambúrguer bovino grelhado,,,13.2,11.3,12.4,210,5.1,0.36,4.8,1.2,0.12,1.12,,,,0.059,,1e-11,0.00018,6e-05,0.00577,,1e-08,,,,,,,,0.0004,0.048,0.538,0.056,0.00018,0.003,1.09,0.0026,0.263,,,,
Lingüiça de frango crua,,,14.2,0,17.4,218,5.2,0.04,7.3,3.5,0.17,3.08,,,,0.064,,1e-11,0.00011,5e-05,0.0046,,1e-08,,,,,,,,5e-05,0.019,0.28,0.011,5e-05,0.0007,1.126,0.0005,0.182,,,,
Lingüiça de frango frita,,,18.3,0,18.5,245,5,0.04,7.2,4.3,0.25,3.94,,,,0.076,,1e-11,0.00011,5e-05,0.00567,,1e-08,,,,,,,,0.0001,0.029,0.364,0.015,4e-05,0.0012,1.374,0.0008,0.262,,,,
Lingüiça de frango grelhada,,,18.2,0,18.4,244,4.7,0.04,6.8,3.4,0.17,3.09,,,,0.08,,1e-11,0.00012,4e-05,0.00597,,1e-08,,,,,,,,0.0001,0.021,0.356,0.014,9e-05,0.001,1.351,0.0007,0.228,,,,
Lingüiça de porco crua,,,16.1,0,17.6,227,4,0.03,5,1.7,0.05,1.54,,,,0.053,,1e-11,0.00049,5e-05,0.0026,,1e-08,,,,,,,,1e-05,0.014,0.316,0.006,4e-05,0.0014,1.176,0.0004,0.157,,,,
Lingüiça de porco frita,,,20.5,0,21.3,280,6.5,0.03,8.2,2.7,0.11,2.52,,,,0.075,,1e-11,0.00041,7e-05,0.00583,,1e-08,,,,,,,,1e-05,0.018,0.409,0.008,6e-05,0.0031,1.432,0.0009,0.211,,,,
Lingüiça de porco grelhada,,,23.2,0,21.9,296,7,0.03,8.7,2.6,0.1,2.45,,,,0.082,,1e-11,0.0004,7e-05,0.0066,,1e-08,,,,,,,,1e-05,0.019,0.427,0.008,7e-05,0.0035,1.456,0.001,0.21,,,,
Mortadela,,,12,5.8,21.6,269,6.1,,8.1,4.7,0.28,4.41,,,,0.083,,2.5e-05,0.00014,6e-05,0.003,,1e-08,,,,,,,,0.00011,0.019,0.247,0.067,8e-05,0.001,1.212,0.0015,0.216,,,,
Peru congelado assado,,,26.2,0,5.7,163,1.6,0.02001,1.2,1.4,0.03001,1.41001,,,,0.091,,1e-11,6e-05,1e-08,0.00623,,1e-08,,,,,,,,2e-05,0.012,0.175,0.014,3e-05,0.0012,0.628,0.0006,0.197,,,,
Peru congelado cru,,,18.1,0,1.8,94,0.4,,0.4,0.7,0.03,0.69,,,,0.068,,1e-11,6e-05,1e-08,0.00423,,1e-08,,,,,,,,1e-08,0.019,0.281,0.01,0.00036,0.0014,0.711,0.0009,0.217,,,,
Bisteca de Porco crua,,,21.5,0,8,164,3.5,,3.9,1.2,0.05,1.17,,,,0.056,,1e-11,0.0009,1e-08,0.00265,,1e-08,,,,,,,,1e-08,0.024,0.335,0.006,7e-05,0.0014,0.054,0.0005,0.195,,,,
Bisteca de Porco frita,,,33.7,0,18.5,311,6,0.21,6.6,4.6,0.34,4.14,,,,0.126,,1e-05,0.00034,1e-08,0.00325,,1e-08,,,,,,,,1e-05,0.029,0.404,0.069,7e-05,0.0022,0.063,0.0008,0.29,,,,
Bisteca de Porco grelhada,,,28.9,0,17.4,280,7.5,0.09,7.7,1.2,0.03,1.06,,,,0.082,,1e-11,0.00077,0.00014,0.00192,,3e-05,,,,,,,,1e-08,0.025,0.366,0.034,6e-05,0.0023,0.051,0.0009,0.229,,,,
Costela de Porco assada,,,30.2,0,30.3,402,11.8,0.06,13.9,3.1,0.12,2.84,,,,0.113,,1e-11,0.00071,5e-05,0.01063,,1e-08,,,,,,,,1e-08,0.014,0.246,0.017,7e-05,0.0031,0.063,0.001,0.201,,,,
Costela de Porco crua,,,18,0,19.8,256,7.4,,8.3,2.3,0.09,2.19,,,,0.069,,1e-11,0.00062,1e-08,0.00827,,1e-08,,,,,,,,1e-08,0.018,0.248,0.015,5e-05,0.0023,0.088,0.0009,0.159,,,,
Lombo de Porco assado,,,35.7,0,6.4,210,2.6,0.02,2.9,0.7,0.07,0.57,,,,0.103,,1e-11,0.00075,7e-05,0.01243,,0.00011,,,,,,,,1e-08,0.018,0.311,0.02,3e-05,0.0018,0.039,0.0005,0.238,,,,
Lombo de Porco cru,,,22.6,0,8.8,176,3.3,,3.7,1,0.04,0.93,,,,0.055,,1e-11,0.00095,1e-08,0.01383,,1e-08,,,,,,,,1e-08,0.024,0.334,0.004,1e-05,0.0009,0.053,0.0005,0.195,,,,
Orelha de Porco salgada crua,,,18.5,0,19.9,258,7.3,,11.2,2.8,0.11,2.67,,,,0.083,,1e-11,7e-05,3e-05,1e-08,,1e-08,,,,,,,,1e-05,0.002,0.228,0.005,0.00023,0.0006,0.616,0.0014,0.031,,,,
Pernil de Porco assado,,,32.1,0,13.9,262,4.8,,6.4,1.9,0.05,1.77,,,,0.11,,1e-11,0.00077,9e-05,0.00657,,1e-08,,,,,,,,1e-05,0.027,0.395,0.018,9e-05,0.0033,0.062,0.0013,0.247,,,,
Pernil de Porco cru,,,20.1,0,11.1,186,4.2,,5,1.7,0.06,1.59,,,,0.059,,1e-11,0.00106,6e-05,0.00567,,1e-08,,,,,,,,1e-08,0.023,0.256,0.013,0.00016,0.0017,0.102,0.0009,0.192,,,,
Rabo de Porco salgado cru,,,15.6,0,34.5,377,11.6,0.07,16.7,4.3,0.16,3.92,,,,0.089,,1e-11,0.0002,6e-05,0.00143,,1e-08,,,,,,,,1e-05,0.004,0.024,0.022,5e-05,0.0014,1.158,0.0006,0.042,,,,
Presunto com capa de gordura,,,14.4,1.4,6.8,128,1.9,0.01,2.6,1,0.04,0.91,,,,0.04,,1e-11,0.00062,3e-05,0.00378,,1e-08,,,,,,,,4e-05,0.017,0.295,0.012,4e-05,0.0013,1.021,0.0007,0.274,,,,
Presunto sem capa de gordura,,,14.3,2.1,2.7,94,0.9,,1.1,0.5,0.01,0.42,,,,0.036,,1e-11,0.0005,3e-05,0.004,,1e-08,,,,,,,,4e-05,0.018,0.307,0.023,4e-05,0.0015,1.039,0.0008,0.244,,,,
Quibe assado,,,14.6,12.9,2.7,136,1.2,0.06,0.9,0.3,0.02001,0.25,,,1.9,0.034,,1e-11,4e-05,4e-05,0.00181,,1e-08,,,,1e-08,,,,0.00076,0.036,0.288,0.016,0.00051,0.0041,0.04,0.0022,0.174,,,,
Quibe cru,,,12.4,10.8,1.7,109,0.7,0.03,0.7,0.3,0.05,0.23,,,1.6,0.027,,1e-11,9e-05,3e-05,0.0012,,1e-08,,,,1e-08,,,,0.00039,0.026,0.242,0.012,0.00013,0.0028,0.039,0.0017,0.126,,,,
Quibe frito,,,14.9,12.3,15.8,254,4.6,0.26,5,5,0.41,4.58,,,,0.038,,1e-11,0.00012,0.0001,0.0015,,1e-08,,,,1e-08,,,,0.00072,0.039,0.322,0.022,0.00016,0.0028,0.836,0.002,0.166,,,,
Salame,,,25.8,2.9,30.6,398,9.6,0.1,12.1,4.7,0.19,4.26,,,,0.085,,1e-11,0.00088,0.00023,0.01249,,1e-08,,,,,,,,3e-05,0.03,0.548,0.087,5e-05,0.0032,1.574,0.0013,0.354,,,,
Toucinho cru,,,11.5,0,60.3,593,17.7,0.21,20.1,10.1,0.68,9.47,,,,0.073,,1e-11,1e-08,1e-08,0.0051,,1e-08,,,,,,,,1e-08,0.004,0.058,0.002,0.00011,0.0002,0.05,0.0004,0.035,,,,
Toucinho frito,,,27.3,0,64.3,697,20,0.58,26.2,14.6,0.92,12.93,,,,0.089,,1e-11,1e-08,1e-08,0.00503,,1e-08,,,,,,,,1e-05,0.009,0.171,0.009,0.0001,0.0008,0.125,0.0009,0.095,,,,
Bebida láctea pêssego,,,2.1,7.6,1.9,55,1.1,0.06001,0.6,1e-05,0.02,0.03001,,,0.3,0.005,,1e-11,3e-05,0.00014,0.00033,,1e-08,,,,0.0021,,,,1e-08,0.009,0.062,0.089,2e-05,0.0002,0.046,1e-08,0.063,,,,
Creme de Leite,,,1.5,4.5,22.5,221,11.8,0.63,5.1,0.5,0.07,0.33,,,,0.066,,0.000128,1e-08,0.0001,0,,1e-08,,,,1e-08,,,,1e-05,0.008,0.119,0.083,2e-05,0.0003,0.052,0.0003,0.118,,,,
Iogurte natural,,,4.1,1.9,3,51,1.8,,0.9,0.1,0.03002,0.06001,,,,0.014,,2.3e-05,4e-05,0.00022,1e-08,,1e-08,,,,0.0009,,,,1e-08,0.011,0.071,0.143,2e-05,0.0004,0.052,1e-08,0.119,,,,
Iogurte natural desnatado,,,3.8,5.8,0.3,41,0.2,0.01,0.1,,,1e-05,,,,0.003,,,1e-08,0.00022,1e-08,,1e-08,,,,0.0003,,,,1e-08,0.012,0.182,0.157,1e-08,0.0005,0.06,1e-08,0.11,,,,
Iogurte sabor abacaxi,,,,,,,,,,,,,,,,0.006,,,,,,,,,,,,,,,,,,,,,,,,,,,
Iogurte sabor morango,,,2.7,9.7,2.3,70,1.4,,0.7,0.1,0.02002,0.05001,,,0.2,0.007,,2.7e-05,3e-05,0.00012,1e-08,,2e-05,,,,1e-08,,,,1e-08,0.008,0.052,0.101,2e-05,0.0003,0.038,1e-08,0.073,,,,
Iogurte sabor pêssego,,,2.5,9.4,2.3,68,1.4,0.06001,0.6,0.1,0.02,0.04001,,,0.7,0.008,,2.1e-05,2e-05,0.0001,0.00038,,1e-08,,,,1e-08,,,,1e-08,0.008,0.052,0.095,2e-05,0.0003,0.037,0.0001,0.066,,,,
Leite condensado,,,7.7,57,6.7,313,4.2,0.23,1.7,0.2,0.04,0.1,,,,0.028,,5.3e-05,6e-05,0.00033,1e-08,,0.00057,,,,0.0021,,,,1e-08,0.022,0.329,0.246,3e-05,0.0009,0.094,0.0001,0.187,,,,
Leite de cabra,,,3.1,5.2,3.8,66,2.4,0.12,0.8,0.1,0.01,0.12,,,,0.014,,3.5e-05,1e-08,0.00014,1e-08,,1e-08,,,,1e-08,,,,1e-08,0.01,0.14,0.112,4e-05,0.0004,0.074,0.0001,0.113,,,,
Leite de vaca achocolatado,,,2.1,14.2,2.2,83,1.1,0.22,0.6,0.1,0.01,0.11001,,,0.6,0.006,,3.9e-05,7e-05,0.00029,0.00123,,0.00014,,,,0.0033,,,,5e-05,0.013,0.155,0.07,4e-05,0.0003,0.072,0.0005,0.071,,,,
Leite de vaca desnatado pó,,,34.7,53,0.9,362,0.6,0.02001,0.2,1e-05,1e-05,0.03001,,,,0.025,,0.000299,0.00032,0.0012,0.00081,,1e-08,,,,,,,,1e-08,0.109,1.556,1.363,0.00016,0.0038,0.432,0.0009,1.673,,,,
Leite de vaca desnatado UHT,,,,,,,,,,,,,,,,0.004,,1e-11,4e-05,0.00026,0.00149,,1e-08,,,,1e-08,,,,1e-08,0.01,0.14,0.134,2e-05,0.0004,0.051,1e-08,0.085,,,,
Leite de vaca integral,,,,,,,1.4,,0.7,0.1,0.02002,0.04,,,,0.01,,2.1e-05,4e-05,0.00024,0.00152,,1e-08,,,,1e-08,,,,1e-08,0.01,0.133,0.123,2e-05,0.0004,0.064,1e-08,0.082,,,,
Leite de vaca integral pó,,,25.4,39.2,26.9,497,16.3,0.94,7.1,0.5,0.1,0.41,,,,0.085,,0.000361,0.00024,0.00103,1e-08,,1e-08,,,,,,,,1e-08,0.077,1.132,0.89,0.00011,0.0027,0.323,0.0005,1.242,,,,
Leite fermentado,,,1.9,15.7,0.1,70,,,,,,,,,,0.002,,1e-11,8e-05,0.00011,1e-08,,1e-08,,,,0.0005,,,,2e-05,0.006,0.094,0.072,1e-05,0.0003,0.033,1e-08,0.063,,,,
Queijo minas frescal,,,17.4,3.2,20.2,264,11.4,0.66,5.8,0.4,0.06,0.3,,,,0.062,,0.000161,1e-08,0.00025,1e-08,,1e-08,,,,1e-08,,,,2e-05,0.007,0.105,0.579,1e-08,0.0003,0.031,0.0009,0.123,,,,
Queijo minas meia cura,,,21.2,3.6,24.6,321,13.2,0.99,5.6,0.3,0.1,0.24,,,,0.076,,0.000111,3e-05,0.00032,1e-08,,1e-08,,,,,,,,2e-05,0.027,0.12,0.696,7e-05,0.0027,0.501,0.0002,0.403,,,,
Queijo mozarela,,,22.6,3,25.2,330,14.2,0.86,6,0.5,0.08,0.31,,,,0.08,,0.000109,1e-08,0.0002,1e-08,,1e-08,,,,,,,,3e-05,0.024,0.062,0.875,8e-05,0.0035,0.581,0.0003,0.47,,,,
Queijo parmesão,,,35.6,1.7,33.5,453,19.7,1.17,8.7,0.4,0.11,0.32,,,,0.106,,6.6e-05,1e-08,0.00044,1e-08,,0.00023,,,,1e-08,,,,5e-05,0.033,0.096,0.992,0.00017,0.0044,1.844,0.0005,0.745,,,,
Queijo pasteurizado,,,9.4,5.7,27.4,303,15.9,1.03,7.3,0.4,0.08,0.33,,,,0.082,,5.7e-05,1e-08,0.0002,1e-08,,1e-08,,,,1e-08,,,,1e-05,0.016,0.194,0.323,5e-05,0.0013,0.78,0.0003,0.578,,,,
Queijo petit suisse morango,,,5.8,18.5,2.8,121,1.6,0.09,0.8,1e-05,0.01,0.04,,,,0.012,,0.000273,0.00022,0.00027,0.00268,,0.00021,,,,1e-08,,,,2e-05,0.027,0.121,0.731,1e-05,0.0027,0.412,0.0001,0.448,,,,
Queijo prato,,,22.7,1.9,29.1,360,16.3,0.87,6.8,0.5,0.11,0.42,,,,0.091,,0.000123,1e-08,0.00022,1e-08,,1e-08,,,,,,,,3e-05,0.028,0.073,0.94,0.0001,0.0035,0.58,0.0003,0.461,,,,
Queijo requeijão cremoso,,,9.6,2.4,23.4,257,13.7,0.66,6.4,0.3,0.07,0.24,,,,0.074,,0.000195,1e-08,0.00019,1e-08,,1e-08,,,,1e-08,,,,2e-05,0.012,0.093,0.259,5e-05,0.0013,0.558,0.0001,0.448,,,,
Queijo ricota,,,12.6,3.8,8.1,140,4.5,0.25,2.4,0.2,0.02,0.15,,,,0.049,,5.3e-05,1e-08,0.00015,1e-08,,1e-08,,,,1e-08,,,,1e-08,0.012,0.112,0.253,1e-08,0.0005,0.283,0.0001,0.162,,,,
Bebida isotônica sabores variados,,,0,6.4,0,26,,,,,,,,,,,,,,,,,,,,,,,,,1e-08,1e-08,0.013,0.001,1e-08,1e-08,0.044,0.0007,0.009,,,,
Café infusão 10%,,,0.7,1.5,0.1,9,,,,,,,,,,,,,,,,,,,,,,,,,4e-05,0.01,0.156,0.003,1e-05,1e-08,0.001,1e-08,0.009,,,,
Cana aguardente 1,,,,,,216,,,,,,,,,,,,,1e-08,1e-08,1e-08,,1e-08,,,,,,,,1e-08,1e-08,1e-08,1e-08,6e-05,1e-08,0.003,1e-08,1e-08,,,,
Cana caldo de,,,1e-05,18.2,1e-05,65,,,,,,,,,0.1,,,,1e-08,1e-08,1e-08,,3e-05,,,,0.0028,,,,0.00021,0.012,0.018,0.009,1e-05,0.0001,1e-08,0.0008,0.005,,,,
Cerveja pilsen 2,,,0.6,3.3,1e-05,41,,,,,,,,,,,,,1e-08,1e-08,0.00292,,0.00014,,,,1e-08,,,,1e-05,0.007,0.029,0.005,1e-08,1e-08,0.004,1e-08,0.019,,,,
Chá erva-doce infusão 5%,,,0,0.4,0,1,,,,,,,,,,,,,0.00123,0.00023,,,,,,,,,,,1e-05,0.001,0.01,0.002,1e-05,1e-08,0.001,1e-08,0.001,,,,
Chá mate infusão 5%,,,0,0.6,0.1,3,,,,,,,,,,,,,0.00089,1e-08,,,,,,,,,,,0.00027,0.002,0.005,0.001,1e-08,1e-08,1e-08,1e-08,1e-08,,,,
Chá preto infusão 5%,,,0,0.6,0,2,,,,,,,,,,,,,0.00311,0.00048,,,,,,,,,,,9e-05,0.001,0.013,0,1e-08,1e-08,1e-08,1e-08,0.002,,,,
Coco água de,,,0,5.3,0,22,,,,,,,,,0.1,,,,1e-05,1e-08,1e-08,,1e-08,,,,0.0024,,,,0.00025,0.005,0.162,0.019,1e-08,1e-08,0.002,1e-08,0.004,,,,
Refrigerante tipo água tônica,,,0,8,0,31,,,,,,,,,,,,,,,,,,,,,,,,,1e-08,1e-08,0.002,0.001,1e-08,1e-08,0.008,1e-08,0,,,,
Refrigerante tipo cola,,,0,8.7,0,34,,,,,,,,,,,,,,,,,,,,,,,,,1e-08,1e-08,0.001,0.001,1e-08,1e-08,0.007,1e-08,0.017,,,,
Refrigerante tipo guaraná,,,0,10,0,39,,,,,,,,,,,,,,,,,,,,,,,,,1e-08,1e-08,0.001,0.001,1e-08,1e-08,0.009,1e-08,1e-08,,,,
Refrigerante tipo laranja,,,0,11.8,0,46,,,,,,,,,,,,,,,,,,,,,,,,,1e-08,0.001,0.016,0.002,1e-08,1e-08,0.009,1e-08,0.001,,,,
Refrigerante tipo limão,,,0,10.3,0,40,,,,,,,,,,,,,,,,,,,,,,,,,1e-08,0.001,0.004,0.002,1e-08,1e-08,0.009,1e-08,1e-08,,,,
Omelete de queijo,,,15.6,0.4,22,268,6.4,0.15,7,6.2,0.48,5.68,,,,0.384,,5.9e-05,3e-05,0.00024,1e-08,,1e-08,,,,1e-08,,,,3e-05,0.014,0.127,0.166,3e-05,0.0014,0.216,0.0014,0.314,,,,
Ovo de codorna inteiro cru,,,13.7,0.8,12.7,177,8.9,0.11,12.1,2.7,0.1,2.64,,,,0.568,,0.000305,0.00011,0.00012,0.00097,,1e-08,,,,,,,,1e-08,0.011,0.079,0.079,4e-05,0.0021,0.129,0.0033,0.279,,,,
Ovo de galinha clara cozida (10 minutos),,,13.4,0,0.1,59,,,,,,,,,,,,,1e-08,8e-05,1e-08,,1e-08,,,,,,,,1e-08,0.011,0.146,0.006,3e-05,1e-08,0.181,0.0001,0.015,,,,
Ovo de galinha gema cozida (10 minutos),,,15.9,1.6,30.8,353,9.2,0.08,12.1,4,0.15,3.69,,,,1.272,,0.000148,0.00018,0.00022,1e-08,,1e-08,,,,,,,,6e-05,0.009,0.087,0.114,1e-08,0.0029,0.045,0.0029,0.386,,,,
Ovo de galinha inteiro cozido (10 minutos),,,13.3,0.6,9.5,146,2.9,0.02,3.8,1.1,0.04,1.06,,,,0.397,,3.2e-05,8e-05,0.0003,1e-08,,1e-08,,,,,,,,2e-05,0.011,0.139,0.049,4e-05,0.0012,0.146,0.0015,0.184,,,,
Ovo de galinha inteiro cru,,,13,1.6,8.9,143,2.6,,3.6,1.2,0.11,1.02,,,,0.356,,7.9e-05,7e-05,0.00058,0.00075,,1e-08,,,,,,,,1e-08,0.013,0.15,0.042,6e-05,0.0011,0.168,0.0016,0.164,,,,
Ovo de galinha inteiro frito,,,15.6,1.2,18.6,240,4.1,0.02,5.7,4.9,0.36,4.51,,,,0.516,,9.4e-05,6e-05,0.00032,1e-08,,1e-08,,,,1e-08,,,,3e-05,0.016,0.184,0.073,4e-05,0.0015,0.166,0.0021,0.422,,,,
Achocolatado pó,,,4.2,91.2,2.2,401,1.1,0.01,0.6,0.3,0.03,0.29,,,3.9,1e-08,,0.000796,0.00138,0.00102,0.00499,,0.00152,,,,1e-08,,,,0.00055,0.077,0.496,0.044,0.00056,0.001,0.065,0.0054,0.2,,,,
Açúcar cristal,,,0.3,99.6,1e-05,387,,,,,,,,,,,,,,,,,,,,,,,,,,0.001,0.003,0.008,1e-08,1e-08,1e-08,0.0002,1e-08,,,,
Açúcar mascavo,,,0.8,94.5,0.1,369,,,,,,,,,,,,,1e-08,3e-05,1e-08,,1e-08,,,,1e-08,,,,0.00203,0.08,0.522,0.127,0.00017,0.0005,0.025,0.0083,0.038,,,,
Açúcar refinado,,,0.3,99.5,1e-05,387,,,,,,,,,,,,,,,,,,,,,,,,,,0.001,0.006,0.004,1e-08,1e-08,0.012,0.0001,1e-08,,,,
Chocolate ao leite,,,7.2,59.6,30.3,540,17.5,0.27,10,0.9,0.03,0.91,,,2.2,0.017,,1e-11,5e-05,0.00022,0.00063,,0.00059,,,,1e-08,,,,0.0003,0.057,0.355,0.191,0.00031,0.0011,0.077,0.0016,0.212,,,,
Chocolate ao leite com castanha do Pará,,,7.4,55.4,34.2,559,14.1,0.2,9.3,3.2,0.07,3.09,,,2.5,0.016,,3.6e-05,4e-05,0.00024,0.00137,,1e-08,,,,0.0014,,,,0.00036,0.08,0.431,0.171,0.00045,0.0013,0.064,0.0015,0.303,,,,
Chocolate ao leite dietético,,,6.9,56.3,33.8,557,19.2,0.18,11.4,1.5,0.1,1.41,,,2.8,0.013,,7e-06,0.00031,0.00025,0.00079,,1e-08,,,,0.002,,,,0.00041,0.067,0.458,0.188,0.00043,0.0011,0.085,0.0033,0.276,,,,
Chocolate meio amargo,,,4.9,62.4,29.9,475,13.1,0.14,8.1,1,0.06,0.94,,,4.9,0.002,,1e-11,0.0002,4e-05,0.00106,,1e-08,,,,0.0021,,,,0.00083,0.107,0.432,0.045,0.00077,0.0015,0.009,0.0036,0.22,,,,
Cocada branca,,,1.1,81.4,13.6,449,8.4,,0.4,0.1,,0.07,,,3.6,,,,1e-08,1e-08,0.00047,,0.00016,,,,1e-08,,,,0.00036,0.017,0.183,0.007,0.0002,0.0004,0.029,0.0012,0.396,,,,
Doce de abóbora cremoso,,,0.9,54.6,0.2,199,1e-05,,1e-05,1e-05,0.01,0.01,,,2.3,,,,8e-05,1e-08,1e-08,,4e-05,,,,0.0001,,,,1e-05,0.006,0.137,0.013,1e-08,1e-08,1e-08,0.0009,0.014,,,,
Doce de leite cremoso,,,5.5,59.5,6,306,1.3,,3.9,2,0.01,1.94,,,,0.02,,3.6e-05,5e-05,0.00026,1e-08,,1e-08,,,,1e-08,,,,1e-05,0.016,0.259,0.195,2e-05,0.0005,0.12,0.0001,0.141,,,,
Geléia mocotó natural,,,2.1,24.2,0.1,106,1e-05,,1e-05,1e-05,,1e-05,,,,1e-08,,1e-11,0.00019,1e-08,1e-08,,0.00022,,,,1e-08,,,,1e-08,0.001,0.002,0.004,1e-08,1e-08,0.043,0.0001,1e-08,,,,
Glicose de milho,,,0,79.4,0,292,,,,,,,,,,,,,,,,,,,,,,,,,1e-08,0.002,0.005,0.006,1e-08,1e-08,0.059,0.0001,0.005,,,,
Maria mole,,,3.8,73.6,0.2,301,,,,,,,,,0.7,,,,4e-05,1e-08,1e-08,,1e-08,,,,1e-08,,,,6e-05,0.007,0.024,0.013,0.0002,0.0001,0.015,0.0004,0.004,,,,
Maria mole coco queimado,,,3.9,75.1,0.1,307,,,,,,,,,0.6,,,,4e-05,1e-08,1e-08,,1e-08,,,,1e-08,,,,9e-05,0.006,0.036,0.019,3e-05,0.0001,0.014,0.0005,0.005,,,,
Marmelada,,,0.4,70.8,0.1,257,,,,,,,,,4.1,,,,1e-08,1e-08,1e-08,,1e-08,,,,1e-08,,,,6e-05,0.006,0.083,0.011,9e-05,0.0001,0.011,0.0007,0.02,,,,
Mel de abelha,,,0,84,0,309,,,,,,,,,,,,,0.00011,1e-08,1e-08,,1e-08,,,,0.0007,,,,0.00038,0.006,0.099,0.01,1e-08,0.0002,0.006,0.0003,0.004,,,,
Melado,,,0,76.6,0,297,,,,,,,,,,,,,1e-08,5e-05,1e-08,,0.0002,,,,1e-08,,,,0.00262,0.115,0.395,0.102,0.00084,0.0003,0.004,0.0054,0.074,,,,
Quindim,,,4.7,46.3,24.4,411,11.3,0.05,4.8,4.7,0.35,4.3,,,3.2,0.271,,7.6e-05,1e-08,4e-05,0.00114,,4e-05,,,,1e-08,,,,0.00025,0.015,0.111,0.037,0.0001,0.0011,0.027,0.0014,0.168,,,,
Rapadura,,,1,90.8,0.1,352,,,,,,,,,,,,,1e-08,1e-08,1e-08,,4e-05,,,,1e-08,,,,0.00166,0.047,0.459,0.03,0.00017,0.0006,0.022,0.0044,0.021,,,,
Café pó torrado,,,14.7,65.8,11.9,419,5.3,,1.1,4.9,0.11,4.82,,,51.2,,,,1e-08,1e-08,0.01189,,1e-08,,,,1e-08,,,,0.00258,0.165,1.609,0.107,0.0013,0.0005,0.001,0.0081,0.169,,,,
Capuccino pó,,,11.3,73.6,8.6,417,4,0.59,1.6,0.1,0.04,0.11,,,2.4,0.029,,5.2e-05,1e-08,0.00141,1e-08,,1e-08,,,,1e-08,,,,0.00017,0.071,0.886,0.467,1e-08,0.0011,0.382,0.0023,0.358,,,,
Fermento em pó químico,,,0.5,43.9,0.1,90,,,,,,,,,,,,,,,,,,,,,,,,,,,,,,,10.052,,,,,,
Fermento biológico levedura tablete,,,17,7.7,1.5,90,,,,,,,,,4.2,,,,0.0003,0.00036,1e-08,,1e-08,,,,1e-08,,,,0.0002,0.038,0.576,0.018,0.00029,0.011,0.04,0.0026,0.419,,,,
Gelatina sabores variados pó,,,8.9,89.2,1e-05,380,,,,,,,,,,,,,1e-08,1e-08,1e-08,,1e-08,,,,0.04,,,,3e-05,0.002,0.007,0.027,1e-08,1e-08,0.235,0.0003,0.002,,,,
Sal dietético,,,,,,,,,,,,,,,,,,,,,,,,,,,,,,,,,20.468,,,,23.432,,,,,,
Sal grosso,,,,,,,,,,,,,,,,,,,,,,,,,,,,,,,,,,,,,39.943,,,,,,
Shoyu,,,3.3,11.6,0.3,61,1e-05,,1e-05,1e-05,1e-05,0.01,,,,,,,0.00083,6e-05,0.0021,,0.00015,,,,1e-08,,,,7e-05,0.024,0.165,0.015,1e-08,0.0002,5.024,0.0005,0.047,,,,
Tempero a base de sal,,,2.7,2.1,0.3,21,,,,,,,,,0.6,,,,,,,,,,,,,,,,,,,,,,32.56,,,,,,
Azeitona preta conserva,,,1.2,5.5,20.3,194,3.5,,11,3,0.19,2.77,,,4.6,,,,1e-08,1e-08,1e-08,,4e-05,,,,1e-08,,,,6e-05,0.005,0.079,0.059,0.00025,0.0003,1.567,0.0055,0.016,,,,
Azeitona verde conserva,,,0.9,4.1,14.2,137,2.3,,8.3,1,0.13,0.91,,,3.8,,,,1e-08,1e-08,1e-08,,1e-08,,,,1e-08,,,,3e-05,0.004,0.02,0.046,0.00014,0.0001,1.347,0.0002,0.005,,,,
Chantilly spray com gordura vegetal,,,0.5,16.9,27.3,315,25.9,,0.1,0.1,,0.08,,,,1e-08,,1e-11,7e-05,1e-08,1e-08,,1e-08,,,,,,,,1e-08,0.001,0.005,0.002,1e-05,0.0001,0.11,1e-08,0.016,,,,
Leite de coco,,,1,2.2,18.4,166,15.6,,0.9,0.2,,0.17,,,0.7,,,,1e-08,1e-08,1e-08,,1e-08,,,,1e-08,,,,0.00024,0.017,0.144,0.006,0.00016,0.0003,0.044,0.0005,0.026,,,,
Maionese tradicional com ovos,,,0.6,7.9,30.5,302,4.1,0.17,6.4,15.4,1.43,13.86,,,,0.042,,8e-06,1e-08,5e-05,1e-08,,1e-08,,,,1e-08,,,,1e-08,0.001,0.016,0.003,1e-08,0.0001,0.787,0.0001,0.014,,,,
Acarajé,,,8.3,19.1,19.9,289,9.1,,7.8,2.1,0.12,2.01,,,9.4,0.025,,1e-11,6e-05,1e-08,1e-08,,1e-08,,,,,,,,0.00059,0.051,0.354,0.124,0.00023,0.0012,0.305,0.0019,0.142,,,,
Arroz carreteiro,,,10.8,11.6,7.1,154,3.2,0.21,3,0.2,0.04,0.17,,,1.5,0.036,,1e-11,3e-05,1e-08,0.0016,,7e-05,,,,,,,,0.00018,0.009,0.087,0.013,8e-05,0.0027,1.622,0.001,0.048,,,,
Baião de dois arroz e feijão-de-corda,,,6.2,20.4,3.2,136,0.6,0.01,1,1.5,0.13002,1.36001,,,5.1,0.004,,1e-11,4e-05,1e-08,1e-08,,4e-05,,,,1e-08,,,,0.00027,0.019,0.157,0.033,8e-05,0.0006,0.093,0.0006,0.072,,,,
Barreado,,,18.3,0.2,9.5,165,3.3,0.06,4.3,1.4,0.08001,1.29,,,0.1,0.06,,1e-11,3e-05,4e-05,0.00209,,1e-08,,,,1e-08,,,,5e-05,0.021,0.295,0.015,0.00017,0.0048,0.048,0.0024,0.169,,,,
Bife à cavalo com contra filé,,,23.7,0,21.1,291,7.9,0.4,8.2,3.3,0.3,2.95,,,,0.257,,3.7e-05,5e-05,0.0001,0.00292,,1e-08,,,,,,,,2e-05,0.019,0.272,0.026,6e-05,0.0032,0.083,0.0021,0.216,,,,
Bolinho de arroz,,,8,41.7,8.3,274,1.8,0.06001,2.5,3.5,0.24002,3.26,,,2.7,0.07,,1e-11,8e-05,5e-05,1e-08,,1e-08,,,,1e-08,,,,0.00042,0.013,0.096,0.024,0.00013,0.0009,0.059,0.0021,0.087,,,,
Camarão à baiana,,,7.9,3.2,6,101,1.6,,0.9,1.5,0.19,1.34,,,0.4,0.117,,1e-11,1e-08,1e-08,0.00031,,1e-08,,,,0.0041,,,,0.00011,0.015,0.139,0.043,7e-05,0.0005,0.085,0.0014,0.244,,,,
Charuto de repolho,,,6.8,10.1,1.1,78,0.5,0.03,0.5,0.1,0.02,0.08,,,1.5,0.021,,1e-11,3e-05,1e-08,0.00032,,1e-08,,,,0.0048,,,,0.00022,0.013,0.184,0.023,0.00145,0.0018,0.012,0.0009,0.068,,,,
Cuscuz de milho cozido com sal,,,2.2,25.3,0.7,113,0.2,,0.2,0.3,1e-05,0.26,,,2.1,,,1e-11,1e-08,1e-08,1e-08,,6e-05,,,,1e-08,,,,2e-05,0.003,0.011,0.002,1e-08,0.0002,0.248,0.0002,0.023,,,,
Cuscuz paulista,,,2.6,22.5,4.6,142,1.8,0.04001,1.8,0.8,0.1,0.69001,,,2.4,0.015,,1e-11,1e-08,1e-08,0.00093,,1e-08,,,,1e-08,,,,6e-05,0.005,0.053,0.014,5e-05,0.0002,0.236,0.0003,0.026,,,,
Cuxá molho,,,5.6,5.7,3.6,80,0.6,0.02,1.3,1.5,0.1,1.44001,,,3,0.058,,1.6e-05,4e-05,1e-08,0.0011,,3e-05,,,,0.0103,,,,0.00023,0.034,0.124,0.105,0.00017,0.0006,1.344,0.0009,0.111,,,,
Dobradinha,,,19.8,0,4.4,125,2.5,0.2,1.2,0.1,0.03,0.1,,,,0.144,,1e-11,1e-08,1e-08,0.00427,,1e-08,,,,,,,,0.00011,0.008,0.058,0.011,6e-05,0.0027,0.029,0.001,0.057,,,,
Estrogonofe de carne,,,15,3,10.8,173,5.3,0.27,3.3,0.9,0.09,0.76,,,,0.066,,2.8e-05,6e-05,5e-05,0.00325,,1e-08,,,,1e-08,,,,3e-05,0.022,0.322,0.028,0.00014,0.002,0.123,0.0027,0.186,,,,
Estrogonofe de frango,,,17.6,2.6,8,157,3.7,0.2,2.2,1,0.07001,0.95,,,,0.08,,2.8e-05,7e-05,4e-05,0.00337,,3e-05,,,,1e-08,,,,3e-05,0.025,0.307,0.026,0.00012,0.0006,0.099,0.0015,0.195,,,,
Feijão tropeiro mineiro,,,10.2,19.6,6.8,152,2.2,,2.9,1.5,0.19,1.3,,,3.6,0.068,,9e-06,1e-08,1e-08,0.00144,,1e-08,,,,1e-08,,,,0.00038,0.036,0.349,0.041,0.00022,0.0014,0.365,0.0022,0.199,,,,
Feijoada,,,8.7,11.6,6.5,117,1.9,,2.6,1.6,0.18,1.37,,,5.1,0.022,,1e-11,8e-05,3e-05,0.00093,,1e-08,,,,1e-08,,,,0.00024,0.032,0.303,0.032,0.00015,0.0008,0.278,0.0013,0.105,,,,
Frango com açafrão,,,9.7,4.1,6.2,113,1.6,0.01,2.5,1.8,0.11001,1.6,,,0.2,0.05,,8e-06,3e-05,1e-08,0.00164,,1e-08,,,,0.0053,,,,9e-05,0.016,0.256,0.013,2e-05,0.0005,0.029,0.0008,0.167,,,,
Macarrão molho bolognesa,,,4.9,22.5,0.9,120,0.3,2e-05,0.3,0.3,0.01001,0.28,,,0.8,0.007,,1e-11,4e-05,1e-08,0.00144,,1e-08,,,,1e-08,,,,0.00022,0.01,0.084,0.011,9e-05,0.0008,0.009,0.0014,0.054,,,,
Maniçoba,,,10,3.4,8.7,134,2.9,0.04,3.7,1.7,0.16,1.45,,,2.2,0.043,,0.000111,4e-05,7e-05,0.00258,,5e-05,,,,1e-08,,,,0.0006,0.024,0.148,0.066,0.00016,0.002,0.407,0.0032,0.055,,,,
Quibebe,,,8.6,6.6,2.7,86,1,0.06001,1.1,0.2,0.06002,0.18001,,,1.7,,,5.2e-05,1e-08,3e-05,,,4e-05,,,,1e-08,,,,5e-05,0.01,0.153,0.008,0.00061,0.0016,0.247,0.0008,0.043,,,,
Salada de legumes com maionese,,,1.1,8.9,7,96,1.1,0.01,1.8,3.8,0.36,3.46,,,2.2,0.007,,0.000141,4e-05,1e-08,1e-08,,4e-05,,,,1e-08,,,,0.0001,0.009,0.141,0.012,4e-05,0.0002,0.228,0.0002,0.022,,,,
Salada de legumes cozida no vapor,,,2,7.1,0.3,35,0.1,,1e-05,0.2,0.08,0.07,,,2.5,,,0.000255,5e-05,3e-05,1e-08,,3e-05,,,,0.0294,,,,0.00024,0.019,0.244,0.033,0.00017,0.0003,0.003,0.0004,0.045,,,,
Salpicão de frango,,,13.9,4.6,7.8,148,1.3,0.02,2.1,4,0.36,3.64,,,0.4,0.053,,7e-06,5e-05,1e-08,0.00148,,1e-08,,,,0.0093,,,,3e-05,0.013,0.149,0.009,8e-05,0.0004,0.248,0.0003,0.103,,,,
Sarapatel,,,18.5,1.1,4.4,123,1.4,1e-05,1.1,0.7,0.03001,0.65,,,,0.315,,0.001464,1e-08,0.00011,0.00384,,1e-08,,,,1e-08,,,,0.0001,0.013,0.199,0.012,0.00148,0.0018,0.216,0.0072,0.164,,,,
Tabule,,,2,10.6,1.2,57,0.2,,0.8,0.2,0.03,0.2,,,2.1,,,,3e-05,1e-08,0.0006,,1e-08,,,,0.0162,,,,0.00037,0.018,0.188,0.019,0.00012,0.0006,0.001,0.0006,0.035,,,,
Tacacá,,,7,3.4,0.4,47,0.2,,0.1,1e-05,,0.03,,,0.2,0.071,,1.8e-05,5e-05,1e-08,,,1e-08,,,,1e-08,,,,0.00012,0.03,0.24,0.045,0.00022,0.0008,1.349,0.0009,0.089,,,,
Tapioca com manteiga,,,0.1,63.6,10.9,348,6,0.33,3,0.2,0.02,0.17,,,1e-05,0.031,,7.5e-05,1e-08,1e-08,1e-08,,1e-08,,,,1e-08,,,,6e-05,0.003,0.019,0.03,1e-05,0,0.158,0.0002,0.008,,,,
Tucupi com pimenta-de-cheiro,,,2.1,4.7,0.3,27,0.1,,0.1,1e-05,1e-05,0.04,,,0.2,,,2.5e-05,1e-08,1e-08,1e-08,,5e-05,,,,0.0464,,,,0.00052,0.042,0.391,0.028,0.00012,0.0009,0.005,0.0011,0.031,,,,
Vaca atolada,,,5.1,10.1,9.3,145,4.1,0.21,3.2,1.2,0.12,1.11,,,2.3,0.019,,1e-11,1e-08,1e-08,0.00077,,1e-08,,,,1e-08,,,,4e-05,0.016,0.22,0.063,0.00012,0.0012,0.026,0.0007,0.072,,,,
Vatapá,,,6,9.7,23.2,255,7.5,0.15,9.7,4.7,0.3,4.27,,,1.7,0.044,,1e-11,1e-08,1e-08,0.0018,,1e-08,,,,1e-08,,,,0.00048,0.039,0.209,0.047,0.00028,0.0009,0.88,0.0014,0.108,,,,
Virado à paulista,,,10.2,14.1,25.6,307,8.3,0.17,10.6,5.1,0.32,4.64,,,2.2,0.066,,1e-05,0.00014,5e-05,0.0026,,1e-08,,,,1e-08,,,,0.00015,0.022,0.237,0.041,7e-05,0.001,0.346,0.0011,0.135,,,,
Yakisoba,,,7.5,18.3,2.6,113,0.6,0.01,0.9,1,0.05001,0.94,,,1.1,,,3.1e-05,0.00016,1e-08,0.00209,,1e-08,,,,1e-08,,,,0.00015,0.013,0.159,0.014,6e-05,0.0007,0.794,0.0006,0.083,,,,
Amendoim grão cru,,,27.2,20.3,43.9,544,8.7,,17.2,16.2,0.04,16.17,,,8,,,,0.0001,3e-05,0.01018,,0.00076,,,,1e-08,,,,0.00196,0.171,0.58,1e-08,0.00078,0.0032,1e-08,0.0025,0.407,,,,
Amendoim torrado salgado,,,22.5,18.7,54,606,9.7,,29.1,14.2,0.06,14.18,,,7.8,,,,8e-05,1e-08,0.00747,,0.00021,,,,1e-08,,,,0.0017,0.159,0.496,0.039,0.00068,0.0021,0.376,0.0013,0.261,,,,
Ervilha em vagem,,,7.5,14.2,0.5,88,1e-05,,0.1,0.3,0.04,0.27,,,9.7,,,,0.00027,7e-05,0.00116,,6e-05,,,,0.0124,,,,0.0004,0.042,0.311,0.024,0.0002,0.0012,1e-08,0.0014,0.152,,,,
Ervilha enlatada drenada,,,4.6,13.4,0.4,74,0.1,,0.1,0.2,0.02,0.15,,,5.1,,,5e-06,7e-05,3e-05,1e-08,,1e-08,,,,,,,,0.00046,0.023,0.147,0.022,0.00014,0.0009,0.372,0.0014,0.079,,,,
Feijão carioca cozido,,,4.8,13.6,0.5,76,0.1,,0.1,0.3,0.14,0.16,,,8.5,,,,4e-05,1e-08,1e-08,,1e-08,,,,1e-08,,,,0.00028,0.042,0.255,0.027,0.00019,0.0007,0.002,0.0013,0.087,,,,
Feijão carioca cru,,,20,61.2,1.3,329,0.2,,0.1,0.9,0.49,0.4,,,18.4,,,,0.00017,1e-08,0.00402,,0.00065,,,,,,,,0.00102,0.21,1.352,0.123,0.00079,0.0029,1e-08,0.008,0.385,,,,
Feijão fradinho cozido,,,5.1,13.5,0.6,78,0.2,,0.1,0.3,0.1,0.21,,,7.5,,,,0.00012,1e-08,1e-08,,1e-08,,,,1e-08,,,,0.00053,0.038,0.253,0.017,0.0001,0.0011,0.001,0.0011,0.085,,,,
Feijão fradinho cru,,,20.2,61.2,2.4,339,0.7,,0.2,0.9,0.28,0.58,,,23.6,,,,0.00014,3e-05,1e-08,,0.00026,,,,1e-08,,,,0.00143,0.178,1.083,0.078,0.0007,0.0039,0.01,0.0051,0.355,,,,
Feijão jalo cozido,,,6.1,16.5,0.5,93,0.1,,0.1,0.3,0.2,0.11,,,13.9,,,,0.00013,1e-08,1e-08,,4e-05,,,,1e-08,,,,0.00032,0.044,0.348,0.029,0.00024,0.001,0.001,0.0019,0.121,,,,
Feijão jalo cru,,,20.1,61.5,0.9,328,0.3,,0.2,0.6,0.41,0.23,,,30.3,,,,0.0001,1e-08,1e-08,,0.00012,,,,1e-08,,,,0.00099,0.17,1.276,0.098,0.00095,0.003,0.025,0.007,0.427,,,,
Feijão preto cozido,,,4.5,14,0.5,77,0.1,,0.1,0.3,0.11,0.16,,,8.4,,,,6e-05,1e-08,1e-08,,3e-05,,,,1e-08,,,,0.00037,0.04,0.256,0.029,0.0002,0.0007,0.002,0.0015,0.088,,,,
Feijão preto cru,,,21.3,58.8,1.2,324,0.2,,0.1,0.8,0.47,0.38,,,21.8,,,,0.00012,1e-08,0.0046,,0.00059,,,,,,,,0.00132,0.188,1.416,0.111,0.00083,0.0029,1e-08,0.0065,0.471,,,,
Feijão rajado cozido,,,5.5,15.3,0.4,85,0.1,,1e-05,0.2,0.13,0.09,,,9.3,,,,9e-05,1e-08,1e-08,,4e-05,,,,1e-08,,,,0.00029,0.042,0.315,0.029,0.00023,0.0009,0.001,0.0014,0.113,,,,
Feijão rajado cru,,,17.3,62.9,1.2,326,0.4,,0.1,0.8,0.46,0.29,,,24,,,,7e-05,3e-05,1e-08,,7e-05,,,,1e-08,,,,0.00117,0.17,1.135,0.111,0.00084,0.0026,0.014,0.0186,0.335,,,,
Feijão rosinha cozido,,,4.5,11.8,0.5,68,0.2,,1e-05,0.2,0.07,0.16,,,4.8,,,,1e-08,1e-08,0.00369,,1e-08,,,,1e-08,,,,0.00046,0.043,0.241,0.019,9e-05,0.0013,0.002,0.0012,0.09,,,,
Feijão rosinha cru,,,20.9,62.2,1.3,337,0.6,,0.1,0.7,0.14,0.33,,,20.6,,,,0.00016,3e-05,0.00392,,1e-08,,,,1e-08,,,,0.00108,0.184,1.109,0.068,0.0006,0.004,0.024,0.0053,0.394,,,,
Feijão roxo cozido,,,5.7,12.9,0.5,77,0.1,,0.1,0.3,0.19,0.14,,,11.5,,,,0.00015,1e-08,1e-08,,3e-05,,,,1e-08,,,,0.00032,0.034,0.268,0.023,0.00022,0.001,0.001,0.0014,0.106,,,,
Feijão roxo cru,,,22.2,60,1.2,331,0.3,,0.2,0.8,0.46,0.34,,,33.8,,,,0.00026,1e-08,1e-08,,8e-05,,,,1e-08,,,,0.00134,0.162,1.221,0.12,0.00104,0.0033,0.01,0.0069,0.394,,,,
Grão-de-bico cru,,,21.2,57.9,5.4,355,0.9,,1.4,2.8,0.13,2.71,,,12.4,,,,0.00052,1e-08,1e-08,,0.00075,,,,1e-08,,,,0.00316,0.146,1.116,0.114,0.00067,0.0032,0.005,0.0054,0.342,,,,
Guandu cru,,,19,64,2.1,344,0.6,1e-05,0.2,0.9,0.06,0.86,,,21.3,,,,0.00106,1e-08,0.00269,,7e-05,,,,0.0015,,,,0.00102,0.166,1.215,0.129,0.00057,0.002,0.002,0.0019,0.269,,,,
Lentilha cozida,,,6.3,16.3,0.5,93,0.1,,0.1,0.3,0.04,0.21,,,7.9,,,,3e-05,1e-08,1e-08,,1e-08,,,,1e-08,,,,0.00029,0.022,0.22,0.016,0.00017,0.0011,0.001,0.0015,0.104,,,,
Lentilha crua,,,23.2,62,0.8,339,0.1,,0.2,0.4,0.09,0.33,,,16.9,,,,0.00011,1e-08,0.00507,,0.00042,,,,,,,,0.00108,0.094,0.887,0.054,0.00083,0.0035,1e-08,0.007,0.368,,,,
Paçoca amendoim,,,16,52.4,26.1,487,4.1,,10,7.3,0.02,7.25,,,7.3,,,,1e-08,1e-08,1e-08,,0.0012,,,,1e-08,,,,0.00106,0.101,0.348,0.022,0.00038,0.0016,0.167,0.0011,0.198,,,,
Pé-de-moleque amendoim,,,13.2,54.7,28,503,5.1,,14.4,8.3,,8.25,,,3.4,,,,4e-05,3e-05,0.00594,,0.00011,,,,1e-08,,,,0.00109,0.108,0.355,0.027,0.00043,0.0014,0.016,0.0013,0.171,,,,
Soja farinha,,,36,38.4,14.6,404,,,,,,,,,20.2,,,,0.0002,4e-05,1e-08,,3e-05,,,,1e-08,,,,0.00287,0.242,1.922,0.206,0.00129,0.0045,0.006,0.0131,0.539,,,,
Soja extrato solúvel natural fluido,,,2.4,4.3,1.6,39,0.2,0.01,0.3,0.6,0.06,0.58,,,0.4,,,,1e-08,1e-08,1e-08,,1e-08,,,,1e-08,,,,0.00015,0.015,0.121,0.017,8e-05,0.0003,0.057,0.0004,0.053,,,,
Soja extrato solúvel pó,,,35.7,28.5,26.2,459,3.3,,6.4,12.9,1.23,11.67,,,7.3,,,,1e-08,0.00011,1e-08,,0.00035,,,,0.0092,,,,0.00268,0.216,1.607,0.359,0.00119,0.0058,0.083,0.007,0.647,,,,
Soja queijo (tofu),,,6.6,2.1,4,64,0.4,,0.5,1.7,0.2,1.48,,,0.8,,,,4e-05,1e-08,1e-08,,3e-05,,,,1e-08,,,,0.00033,0.038,0.182,0.081,0.00018,0.0009,0.001,0.0014,0.13,,,,
Tremoço cru,,,33.6,43.8,10.3,381,1.2,,5.4,1.7,0.57,1.08,,,32.3,,,,0.00024,1e-08,1e-08,,7e-05,,,,0.025,,,,,0.121,0.708,0.177,0.00079,0.0042,0.003,0.0028,0.265,,,,
Tremoço em conserva,,,11.1,12.4,3.8,121,0.4,,1.9,0.6,0.22,0.4,,,14.4,,,,1e-08,1e-08,1e-08,,1e-08,,,,1e-08,,,,,0.004,0.005,0.016,0.00027,0.0006,1.809,0.0003,0.04,,,,
Amêndoa torrada salgada,,,18.6,29.5,47.3,581,4.8,0.12,32.3,16.2,0.03,16.17,,,11.6,,,,0.00029,0.00016,1e-08,,1e-08,,,,1e-08,,,,0.00195,0.222,0.64,0.237,0.00093,0.0026,0.279,0.0031,0.493,,,,
Castanha-de-caju torrada salgada,,,18.5,29.1,46.3,570,7.7,0.11,26.5,8.1,0.08,8,,,3.7,,,,0.00029,5e-05,1e-08,,0.00039,,,,1e-08,,,,0.00159,0.237,0.671,0.033,0.00192,0.0047,0.125,0.0052,0.594,,,,
Castanha-do-Brasil crua,,,14.5,15.1,63.5,643,15.3,,27.4,21,0.04,20.97,,,7.9,,,,0.0003,1e-08,1e-08,,0.00044,,,,1e-08,,,,0.0011,0.365,0.651,0.146,0.00179,0.0042,0.001,0.0023,0.853,,,,
Coco cru,,,3.7,10.4,42,406,30,,1.5,0.3,,0.32,,,5.4,,,,1e-08,1e-08,1e-08,,3e-05,,,,0.0025,,,,0.001,0.051,0.354,0.006,0.00045,0.0009,0.015,0.0018,0.118,,,,
Coco verde cru,,,,,,,3.1,,1.1,0.3,,0.28,,,,,,,,,,,,,,,,,,,,,,,,,,,,,,,
Farinha de mesocarpo de babaçu crua,,,1.4,79.2,0.2,329,,,,,,,,,17.9,,,,1e-08,1e-08,0.00258,,1e-08,,,,1e-08,,,,0.00038,0.039,0.362,0.061,0.00022,0.0003,0.012,0.0183,0.026,,,,
Gergelim semente,,,21.2,21.6,50.4,584,7.8,,19.9,22.5,0.16,22.39,,,11.9,,,,0.00094,1e-08,0.00592,,0.00013,,,,1e-08,,,,0.00267,0.361,0.546,0.825,0.00151,0.0052,0.003,0.0054,0.741,,,,
Linhaça semente,,,14.1,43.3,32.3,495,4.2,,7.1,25.3,19.81,5.42,,,33.5,,,,0.00012,1e-08,1e-08,,0.00013,,,,1e-08,,,,0.00281,0.347,0.869,0.211,0.00109,0.0044,0.009,0.0047,0.615,,,,
Pinhão cozido,,,3,43.9,0.7,174,0.3,,0.1,0.2,,0.22,,,15.6,,,,1e-08,1e-08,1e-08,,1e-08,,,,0.0277,,,,0.00041,0.053,0.727,0.016,0.00018,0.0008,0.001,0.0008,0.166,,,,
Pupunha cozida,,,2.5,29.6,12.8,219,3.1,,6.8,0.4,0.08,0.28,,,4.3,,,0.000438,1e-08,9e-05,1e-08,,3e-05,,,,0.0022,,,,0.00013,0.025,0.303,0.028,0.00028,0.0003,0.001,0.0005,0.049,,,,
Noz crua,,,14,18.4,59.4,620,5.6,,8.7,44.1,8.82,35.3,,,7.2,,,,0.00038,1e-08,0.00108,,0.00013,,,,1e-08,,,,0.00405,0.153,0.533,0.105,0.00075,0.0021,0.005,0.002,0.396,,,,
